id,title,description,link,image_link,availability,price,brand,condition,identifier_exists,google_product_category
19510,CoFeel 凱飛鮮烘豆尼加拉瓜花語阿拉比卡咖啡豆半磅,CoFeel 凱飛鮮烘豆尼加拉瓜花語阿拉比卡咖啡豆半磅。產地：尼加拉瓜、處理法：水洗、烘焙度：中淺焙。CoFeel 凱飛鮮烘豆，SCA認證職人接單鮮烘，1克1元起秤重計價。,https://www.cofeel.com.tw/products/19510.html,https://thelife6.wztech.com.tw/Upload/ProductImage/2026051118462545.png,in stock,499 TWD,CoFeel 凱飛鮮烘豆,new,no,"Food, Beverages & Tobacco > Beverages > Coffee & Tea > Coffee"
19506,CoFeel 凱飛鮮烘豆醬香耶加特調阿拉比卡咖啡豆一磅(227gx2袋),CoFeel 凱飛鮮烘豆醬香耶加特調阿拉比卡咖啡豆一磅(227gx2袋)。產地：緬甸/衣索比亞、處理法：厭氧發酵/水洗、烘焙度：淺中焙、風味：柑橘、紅葡萄、花香、巧克力。CoFeel 凱飛鮮烘豆，SCA認證職人接單鮮烘，1克1元起秤重計價。,https://www.cofeel.com.tw/products/19506.html,https://thelife6.wztech.com.tw/Upload/ProductImage/2026040217073016.jpg,in stock,899 TWD,CoFeel 凱飛鮮烘豆,new,no,"Food, Beverages & Tobacco > Beverages > Coffee & Tea > Coffee"
19505,CoFeel 凱飛鮮烘豆緬甸伊濃莊園厭氧圓豆咖啡豆一磅(227gx2袋),CoFeel 凱飛鮮烘豆緬甸伊濃莊園厭氧圓豆咖啡豆一磅(227gx2袋)。產地：緬甸、處理法：厭氧發酵、烘焙度：中焙、風味：紅葡萄、熱帶水果、黑巧克力、紅糖。CoFeel 凱飛鮮烘豆，SCA認證職人接單鮮烘，1克1元起秤重計價。,https://www.cofeel.com.tw/products/19505.html,https://thelife6.wztech.com.tw/Upload/ProductImage/2026040217021563.jpg,in stock,899 TWD,CoFeel 凱飛鮮烘豆,new,no,"Food, Beverages & Tobacco > Beverages > Coffee & Tea > Coffee"
19504,CoFeel 凱飛鮮烘豆醬香耶加特調阿拉比卡咖啡豆半磅(227g/袋),CoFeel 凱飛鮮烘豆醬香耶加特調阿拉比卡咖啡豆半磅(227g/袋)。產地：緬甸/衣索比亞、處理法：厭氧發酵/水洗、烘焙度：淺中焙、風味：柑橘、紅葡萄、花香、巧克力。CoFeel 凱飛鮮烘豆，SCA認證職人接單鮮烘，1克1元起秤重計價。,https://www.cofeel.com.tw/products/19504.html,https://thelife6.wztech.com.tw/Upload/ProductImage/2026040217052667.jpg,in stock,499 TWD,CoFeel 凱飛鮮烘豆,new,no,"Food, Beverages & Tobacco > Beverages > Coffee & Tea > Coffee"
19503,CoFeel 凱飛鮮烘豆緬甸伊濃莊園厭氧圓豆咖啡豆半磅(227g/袋),CoFeel 凱飛鮮烘豆緬甸伊濃莊園厭氧圓豆咖啡豆半磅(227g/袋)。產地：緬甸、處理法：厭氧發酵、烘焙度：中焙、風味：紅葡萄、熱帶水果、黑巧克力、紅糖。CoFeel 凱飛鮮烘豆，SCA認證職人接單鮮烘，1克1元起秤重計價。,https://www.cofeel.com.tw/products/19503.html,https://thelife6.wztech.com.tw/Upload/ProductImage/2026040217003230.jpg,in stock,499 TWD,CoFeel 凱飛鮮烘豆,new,no,"Food, Beverages & Tobacco > Beverages > Coffee & Tea > Coffee"
19500,CoFeel 凱飛鮮烘豆哥斯大黎加奇里波紅蜜處理咖啡豆一磅(227gx2袋),CoFeel 凱飛鮮烘豆哥斯大黎加奇里波紅蜜處理咖啡豆一磅(227gx2袋)。產地：哥斯大黎加、處理法：紅蜜處理、烘焙度：中焙、風味：紅蘋果、蜂蜜、巧克力、滑順質地。CoFeel 凱飛鮮烘豆，SCA認證職人接單鮮烘，1克1元起秤重計價。,https://www.cofeel.com.tw/products/19500.html,https://thelife6.wztech.com.tw/Upload/ProductImage/2026032711301893.jpg,in stock,899 TWD,CoFeel 凱飛鮮烘豆,new,no,"Food, Beverages & Tobacco > Beverages > Coffee & Tea > Coffee"
19499,CoFeel 凱飛鮮烘豆哥斯大黎加奇里波紅蜜處理咖啡豆半磅(227g/袋),CoFeel 凱飛鮮烘豆哥斯大黎加奇里波紅蜜處理咖啡豆半磅(227g/袋)。產地：哥斯大黎加、處理法：紅蜜處理、烘焙度：中焙、風味：紅蘋果、蜂蜜、巧克力、滑順質地。CoFeel 凱飛鮮烘豆，SCA認證職人接單鮮烘，1克1元起秤重計價。,https://www.cofeel.com.tw/products/19499.html,https://thelife6.wztech.com.tw/Upload/ProductImage/2026032711274703.jpg,in stock,499 TWD,CoFeel 凱飛鮮烘豆,new,no,"Food, Beverages & Tobacco > Beverages > Coffee & Tea > Coffee"
19432,CoFeel 凱飛鮮烘豆宏都拉斯帕萊伊內瑪 Parainema 蜜處理咖啡豆一磅(227gx2袋),CoFeel 凱飛鮮烘豆宏都拉斯帕萊伊內瑪 Parainema 蜜處理咖啡豆一磅(227gx2袋)。產地：宏都拉斯、處理法：蜜處理、烘焙度：淺中焙、風味：果香、葡萄乾、黑糖、蜜茶。CoFeel 凱飛鮮烘豆，SCA認證職人接單鮮烘，1克1元起秤重計價。,https://www.cofeel.com.tw/products/19432.html,https://thelife6.wztech.com.tw/Upload/ProductImage/2026020214250963.jpg,in stock,899 TWD,CoFeel 凱飛鮮烘豆,new,no,"Food, Beverages & Tobacco > Beverages > Coffee & Tea > Coffee"
19431,CoFeel 凱飛鮮烘豆宏都拉斯帕萊伊內瑪 Parainema 蜜處理咖啡豆半磅(227g/袋),CoFeel 凱飛鮮烘豆宏都拉斯帕萊伊內瑪 Parainema 蜜處理咖啡豆半磅(227g/袋)。產地：宏都拉斯、處理法：蜜處理、烘焙度：淺中焙、風味：果香、葡萄乾、黑糖、蜜茶。CoFeel 凱飛鮮烘豆，SCA認證職人接單鮮烘，1克1元起秤重計價。,https://www.cofeel.com.tw/products/19431.html,https://thelife6.wztech.com.tw/Upload/ProductImage/2026020211265099.jpg,in stock,499 TWD,CoFeel 凱飛鮮烘豆,new,no,"Food, Beverages & Tobacco > Beverages > Coffee & Tea > Coffee"
19410,CoFeel 凱飛鮮烘豆衣索比亞 BABY GEISHA 藝伎咖啡豆一磅(227gx2袋),CoFeel 凱飛鮮烘豆衣索比亞 BABY GEISHA 藝伎咖啡豆一磅(227gx2袋)。產地：衣索比亞、處理法：日曬處理法、烘焙度：淺中焙、風味：橙花、蜂蜜、野莓、萊姆。CoFeel 凱飛鮮烘豆，SCA認證職人接單鮮烘，1克1元起秤重計價。,https://www.cofeel.com.tw/products/19410.html,https://thelife6.wztech.com.tw/Upload/ProductImage/2026010210080487.jpg,in stock,1149 TWD,CoFeel 凱飛鮮烘豆,new,no,"Food, Beverages & Tobacco > Beverages > Coffee & Tea > Coffee"
19409,CoFeel 凱飛鮮烘豆衣索比亞 BABY GEISHA 藝伎咖啡豆半磅(227g/袋),CoFeel 凱飛鮮烘豆衣索比亞 BABY GEISHA 藝伎咖啡豆半磅(227g/袋)。產地：衣索比亞、處理法：日曬處理法、烘焙度：淺中焙、風味：橙花、蜂蜜、野莓、萊姆。CoFeel 凱飛鮮烘豆，SCA認證職人接單鮮烘，1克1元起秤重計價。,https://www.cofeel.com.tw/products/19409.html,https://thelife6.wztech.com.tw/Upload/ProductImage/2026010209575320.jpg,in stock,599 TWD,CoFeel 凱飛鮮烘豆,new,no,"Food, Beverages & Tobacco > Beverages > Coffee & Tea > Coffee"
19408,CoFeel 凱飛鮮烘豆印度賴比瑞亞咖啡豆一磅(227gx2袋),CoFeel 凱飛鮮烘豆印度賴比瑞亞咖啡豆一磅(227gx2袋)。產地：印度、處理法：日曬處理法、烘焙度：淺中焙、風味：榴槤、雪松草本、巧克力、菠蘿蜜。CoFeel 凱飛鮮烘豆，SCA認證職人接單鮮烘，1克1元起秤重計價。,https://www.cofeel.com.tw/products/19408.html,https://thelife6.wztech.com.tw/Upload/ProductImage/2025121717500708.jpg,in stock,1299 TWD,CoFeel 凱飛鮮烘豆,new,no,"Food, Beverages & Tobacco > Beverages > Coffee & Tea > Coffee"
19407,CoFeel 凱飛鮮烘豆印度賴比瑞亞咖啡豆半磅(227g/袋),CoFeel 凱飛鮮烘豆印度賴比瑞亞咖啡豆半磅(227g/袋)。產地：印度、處理法：日曬處理法、烘焙度：淺中焙、風味：榴槤、雪松草本、巧克力、菠蘿蜜。CoFeel 凱飛鮮烘豆，SCA認證職人接單鮮烘，1克1元起秤重計價。,https://www.cofeel.com.tw/products/19407.html,https://thelife6.wztech.com.tw/Upload/ProductImage/2025121717481462.jpg,in stock,699 TWD,CoFeel 凱飛鮮烘豆,new,no,"Food, Beverages & Tobacco > Beverages > Coffee & Tea > Coffee"
19406,CoFeel 凱飛鮮烘豆非洲喀麥隆 Java G1 咖啡豆一磅-中深烘焙(227gx2袋),CoFeel 凱飛鮮烘豆非洲喀麥隆 Java G1 咖啡豆一磅-中深烘焙(227gx2袋)。產地：非洲、處理法：水洗處理法、烘焙度：中深焙、風味：黑巧克力、可可粉、焦糖、黑糖、李子。CoFeel 凱飛鮮烘豆，SCA認證職人接單鮮烘，1克1元起秤重計價。,https://www.cofeel.com.tw/products/19406.html,https://thelife6.wztech.com.tw/Upload/ProductImage/2025120116074413.jpg,in stock,799 TWD,CoFeel 凱飛鮮烘豆,new,no,"Food, Beverages & Tobacco > Beverages > Coffee & Tea > Coffee"
19405,CoFeel 凱飛鮮烘豆非洲喀麥隆 Java G1 咖啡豆半磅-中深烘焙(227g/袋),CoFeel 凱飛鮮烘豆非洲喀麥隆 Java G1 咖啡豆半磅-中深烘焙(227g/袋)。產地：非洲、處理法：水洗處理法、烘焙度：中深焙、風味：黑巧克力、可可粉、焦糖、黑糖、李子。CoFeel 凱飛鮮烘豆，SCA認證職人接單鮮烘，1克1元起秤重計價。,https://www.cofeel.com.tw/products/19405.html,https://thelife6.wztech.com.tw/Upload/ProductImage/2025120116051653.jpg,in stock,449 TWD,CoFeel 凱飛鮮烘豆,new,no,"Food, Beverages & Tobacco > Beverages > Coffee & Tea > Coffee"
19350,CoFeel 凱飛鮮烘豆緬甸依濃巧克力堅果高山阿拉比卡咖啡豆一磅-中深烘焙(227gx2袋),CoFeel 凱飛鮮烘豆緬甸依濃巧克力堅果高山阿拉比卡咖啡豆一磅-中深烘焙(227gx2袋)。產地：緬甸、處理法：水洗處理法、烘焙度：中深焙、風味：楓糖、巧克力、堅果、茶香。CoFeel 凱飛鮮烘豆，SCA認證職人接單鮮烘，1克1元起秤重計價。,https://www.cofeel.com.tw/products/19350.html,https://thelife6.wztech.com.tw/Upload/ProductImage/2025092416122311.jpg,in stock,698 TWD,CoFeel 凱飛鮮烘豆,new,no,"Food, Beverages & Tobacco > Beverages > Coffee & Tea > Coffee"
19349,CoFeel 凱飛鮮烘豆緬甸依濃巧克力堅果高山阿拉比卡咖啡豆半磅-中深烘焙(227g/袋),CoFeel 凱飛鮮烘豆緬甸依濃巧克力堅果高山阿拉比卡咖啡豆半磅-中深烘焙(227g/袋)。產地：緬甸、處理法：水洗處理法、烘焙度：中深焙、風味：楓糖、巧克力、堅果、茶香。CoFeel 凱飛鮮烘豆，SCA認證職人接單鮮烘，1克1元起秤重計價。,https://www.cofeel.com.tw/products/19349.html,https://thelife6.wztech.com.tw/Upload/ProductImage/2025092416084968.jpg,in stock,390 TWD,CoFeel 凱飛鮮烘豆,new,no,"Food, Beverages & Tobacco > Beverages > Coffee & Tea > Coffee"
19348,CoFeel 凱飛鮮烘豆衣索比亞古吉G1水仙蜜處理咖啡豆一磅-淺中烘焙(227gx2袋),CoFeel 凱飛鮮烘豆衣索比亞古吉G1水仙蜜處理咖啡豆一磅-淺中烘焙(227gx2袋)。產地：衣索比亞、處理法：蜜處理法、烘焙度：淺中焙、風味：水蜜桃、荔枝、茉莉、龍眼花蜜。CoFeel 凱飛鮮烘豆，SCA認證職人接單鮮烘，1克1元起秤重計價。,https://www.cofeel.com.tw/products/19348.html,https://thelife6.wztech.com.tw/Upload/ProductImage/2025092415530532.jpg,in stock,1299 TWD,CoFeel 凱飛鮮烘豆,new,no,"Food, Beverages & Tobacco > Beverages > Coffee & Tea > Coffee"
19347,CoFeel 凱飛鮮烘豆衣索比亞古吉G1水仙蜜處理咖啡豆半磅-淺中烘焙(227g/袋),CoFeel 凱飛鮮烘豆衣索比亞古吉G1水仙蜜處理咖啡豆半磅-淺中烘焙(227g/袋)。產地：衣索比亞、處理法：蜜處理法、烘焙度：淺中焙、風味：水蜜桃、荔枝、茉莉、龍眼花蜜。CoFeel 凱飛鮮烘豆，SCA認證職人接單鮮烘，1克1元起秤重計價。,https://www.cofeel.com.tw/products/19347.html,https://thelife6.wztech.com.tw/Upload/ProductImage/2025092415495124.jpg,in stock,699 TWD,CoFeel 凱飛鮮烘豆,new,no,"Food, Beverages & Tobacco > Beverages > Coffee & Tea > Coffee"
19082,Hiles 真空虹吸式冷熱萃取機+凱飛現烘宏都拉斯阿拉比卡咖啡豆1公斤,Hiles 真空虹吸式冷熱萃取機+凱飛現烘宏都拉斯阿拉比卡咖啡豆1公斤。產地：中國、處理法：水洗處理法、烘焙度：中深焙、風味：柑橘、紅糖、巧克力香、堅果。CoFeel 凱飛鮮烘豆，SCA認證職人接單鮮烘，1克1元起秤重計價。,https://www.cofeel.com.tw/products/19082.html,https://thelife6.wztech.com.tw/Upload/ProductImage/2025030417011622.jpg,in stock,3990 TWD,CoFeel 凱飛鮮烘豆,new,no,"Food, Beverages & Tobacco > Beverages > Coffee & Tea > Coffee"
19081,CoFeel 凱飛 現烘豆宏都拉斯希望曙光咖啡豆1公斤-中深烘焙,CoFeel 凱飛 現烘豆宏都拉斯希望曙光咖啡豆1公斤-中深烘焙。產地：宏都拉斯、處理法：水洗處理法、烘焙度：中深焙、風味：柑橘、紅糖、巧克力香、堅果。CoFeel 凱飛鮮烘豆，SCA認證職人接單鮮烘，1克1元起秤重計價。,https://www.cofeel.com.tw/products/19081.html,https://thelife6.wztech.com.tw/Upload/ProductImage/2025030413253896.jpg,in stock,999 TWD,CoFeel 凱飛鮮烘豆,new,no,"Food, Beverages & Tobacco > Beverages > Coffee & Tea > Coffee"
19074,CoFeel 凱飛不鏽鋼濾掛咖啡架+凱飛濾掛5包,CoFeel 凱飛不鏽鋼濾掛咖啡架+凱飛濾掛5包。產地：中國、烘焙度：中焙、風味：小紅莓、梨子、梅子綠茶、杏仁、烤焦糖。CoFeel 凱飛鮮烘豆，SCA認證職人接單鮮烘，1克1元起秤重計價。,https://www.cofeel.com.tw/products/19074.html,https://thelife6.wztech.com.tw/Upload/ProductImage/2025030317295525.jpg,in stock,499 TWD,CoFeel 凱飛鮮烘豆,new,no,"Food, Beverages & Tobacco > Beverages > Coffee & Tea > Coffee"
19053,CoFeel 凱飛嚴選 永騰醇香阿拉比卡咖啡豆氣閥式豆罐裝,CoFeel 凱飛嚴選 永騰醇香阿拉比卡咖啡豆氣閥式豆罐裝。產地：中南美洲、處理法：日曬處理法、烘焙度：中深焙、風味：奶油、榛果、焦糖、巧克力。CoFeel 凱飛鮮烘豆，SCA認證職人接單鮮烘，1克1元起秤重計價。,https://www.cofeel.com.tw/products/19053.html,https://thelife6.wztech.com.tw/Upload/ProductImage/2025011015141398.jpg,in stock,799 TWD,CoFeel 凱飛鮮烘豆,new,no,"Food, Beverages & Tobacco > Beverages > Coffee & Tea > Coffee"
19049,CoFeel 凱飛 現烘豆宏都拉斯希望曙光咖啡豆一磅-中深烘焙(227gx2袋),CoFeel 凱飛 現烘豆宏都拉斯希望曙光咖啡豆一磅-中深烘焙(227gx2袋)。產地：宏都拉斯、處理法：水洗處理法、烘焙度：中深焙、風味：柑橘、紅糖、巧克力香、堅果。CoFeel 凱飛鮮烘豆，SCA認證職人接單鮮烘，1克1元起秤重計價。,https://www.cofeel.com.tw/products/19049.html,https://thelife6.wztech.com.tw/Upload/ProductImage/2025010614302374.jpg,in stock,698 TWD,CoFeel 凱飛鮮烘豆,new,no,"Food, Beverages & Tobacco > Beverages > Coffee & Tea > Coffee"
19048,CoFeel 凱飛 現烘豆宏都拉斯希望曙光咖啡豆半磅-中深烘焙(227g/袋),CoFeel 凱飛 現烘豆宏都拉斯希望曙光咖啡豆半磅-中深烘焙(227g/袋)。產地：宏都拉斯、處理法：水洗處理法、烘焙度：中深焙、風味：柑橘、紅糖、巧克力香、堅果。CoFeel 凱飛鮮烘豆，SCA認證職人接單鮮烘，1克1元起秤重計價。,https://www.cofeel.com.tw/products/19048.html,https://thelife6.wztech.com.tw/Upload/ProductImage/2025010614230665.jpg,in stock,390 TWD,CoFeel 凱飛鮮烘豆,new,no,"Food, Beverages & Tobacco > Beverages > Coffee & Tea > Coffee"
19027,Hiles 真空虹吸式冷熱萃取機+凱飛現烘阿拉比卡咖啡豆一磅,Hiles 真空虹吸式冷熱萃取機+凱飛現烘阿拉比卡咖啡豆一磅。產地：中國、烘焙度：中深焙、風味：蜂蜜、檸檬柑橘、奶油。CoFeel 凱飛鮮烘豆，SCA認證職人接單鮮烘，1克1元起秤重計價。,https://www.cofeel.com.tw/products/19027.html,https://thelife6.wztech.com.tw/Upload/ProductImage/2025030414365137.jpg,in stock,3380 TWD,CoFeel 凱飛鮮烘豆,new,no,"Food, Beverages & Tobacco > Beverages > Coffee & Tea > Coffee"
19005,CoFeeL凱飛 鮮烘品味世界濾掛咖啡/耳掛咖啡包10g(5種風味x20包),CoFeeL凱飛 鮮烘品味世界濾掛咖啡/耳掛咖啡包10g(5種風味x20包)。產地：衣索比亞、烘焙度：淺焙、風味：柑橘、橘子皮、花香、甜度高。CoFeel 凱飛鮮烘豆，SCA認證職人接單鮮烘，1克1元起秤重計價。,https://www.cofeel.com.tw/products/19005.html,https://thelife6.wztech.com.tw/Upload/ProductImage/2024111210442584.jpg,in stock,499 TWD,CoFeel 凱飛鮮烘豆,new,no,"Food, Beverages & Tobacco > Beverages > Coffee & Tea > Coffee"
19004,CoFeeL凱飛 鮮烘品味世界濾掛咖啡/耳掛咖啡包10g(5種風味x10包),CoFeeL凱飛 鮮烘品味世界濾掛咖啡/耳掛咖啡包10g(5種風味x10包)。產地：衣索比亞、烘焙度：淺焙、風味：柑橘、橘子皮、花香、甜度高。CoFeel 凱飛鮮烘豆，SCA認證職人接單鮮烘，1克1元起秤重計價。,https://www.cofeel.com.tw/products/19004.html,https://thelife6.wztech.com.tw/Upload/ProductImage/2024111210273458.jpg,in stock,299 TWD,CoFeel 凱飛鮮烘豆,new,no,"Food, Beverages & Tobacco > Beverages > Coffee & Tea > Coffee"
18957,CoFeeL凱飛現烘啡享濾掛系列-衣索柑橘耳掛20包,CoFeeL凱飛現烘啡享濾掛系列-衣索柑橘耳掛20包。產地：衣索比亞、處理法：水洗處理法、烘焙度：中焙、風味：小紅莓、梨子、梅子綠茶、杏仁、烤焦糖。CoFeel 凱飛鮮烘豆，SCA認證職人接單鮮烘，1克1元起秤重計價。,https://www.cofeel.com.tw/products/18957.html,https://thelife6.wztech.com.tw/Upload/ProductImage/2024102115070987.jpg,in stock,449 TWD,CoFeel 凱飛鮮烘豆,new,no,"Food, Beverages & Tobacco > Beverages > Coffee & Tea > Coffee"
18875,CoFeel 凱飛鮮烘單品咖啡豆大包裝(2.3磅/1公斤),CoFeel 凱飛鮮烘單品咖啡豆大包裝(2.3磅/1公斤)。產地：◆耶加雪菲：衣索比亞、烘焙度：淺中焙、風味：蜂蜜、檸檬柑橘、奶油、楓糖、花香。CoFeel 凱飛鮮烘豆，SCA認證職人接單鮮烘，1克1元起秤重計價。,https://www.cofeel.com.tw/products/18875.html,https://thelife6.wztech.com.tw/Upload/ProductImage/2024090510294388.jpg,in stock,1299 TWD,CoFeel 凱飛鮮烘豆,new,no,"Food, Beverages & Tobacco > Beverages > Coffee & Tea > Coffee"
18872,CoFeel 凱飛鮮烘咖啡豆大包裝(2.3磅/1公斤),CoFeel 凱飛鮮烘咖啡豆大包裝(2.3磅/1公斤)。產地：◆雨林風情：巴西、烘焙度：中深焙、風味：奶油、榛果、焦糖、巧克力。CoFeel 凱飛鮮烘豆，SCA認證職人接單鮮烘，1克1元起秤重計價。,https://www.cofeel.com.tw/products/18872.html,https://thelife6.wztech.com.tw/Upload/ProductImage/2024090510214939.jpg,in stock,999 TWD,CoFeel 凱飛鮮烘豆,new,no,"Food, Beverages & Tobacco > Beverages > Coffee & Tea > Coffee"
18835,CoFeel 凱飛火山噴泉鮮烘咖啡豆-Ai嚴選特調咖啡豆(227gx2袋),CoFeel 凱飛火山噴泉鮮烘咖啡豆-Ai嚴選特調咖啡豆(227gx2袋)。產地：哥倫比亞/巴西/衣索比亞、處理法：日曬處理法、烘焙度：中焙、風味：青蘋果、蜂蜜、黑巧克力、焦糖。CoFeel 凱飛鮮烘豆，SCA認證職人接單鮮烘，1克1元起秤重計價。,https://www.cofeel.com.tw/products/18835.html,https://thelife6.wztech.com.tw/Upload/ProductImage/2024090210411684.jpg,in stock,788 TWD,CoFeel 凱飛鮮烘豆,new,no,"Food, Beverages & Tobacco > Beverages > Coffee & Tea > Coffee"
18834,CoFeel 凱飛火山噴泉鮮烘咖啡豆-Ai嚴選特調咖啡豆(227g/袋),CoFeel 凱飛火山噴泉鮮烘咖啡豆-Ai嚴選特調咖啡豆(227g/袋)。產地：哥倫比亞/巴西/衣索比亞、處理法：日曬處理法、烘焙度：中焙、風味：青蘋果、蜂蜜、黑巧克力、焦糖。CoFeel 凱飛鮮烘豆，SCA認證職人接單鮮烘，1克1元起秤重計價。,https://www.cofeel.com.tw/products/18834.html,https://thelife6.wztech.com.tw/Upload/ProductImage/2024090210391163.jpg,in stock,399 TWD,CoFeel 凱飛鮮烘豆,new,no,"Food, Beverages & Tobacco > Beverages > Coffee & Tea > Coffee"
18770,CoFeel 凱飛火山噴泉鮮烘咖啡豆-Ai嚴選十二星座配方咖啡豆【夢幻奇境】,CoFeel 凱飛火山噴泉鮮烘咖啡豆-Ai嚴選十二星座配方咖啡豆【夢幻奇境】。產地：衣索比亞/哥斯大黎加、烘焙度：中焙。CoFeel 凱飛鮮烘豆，SCA認證職人接單鮮烘，1克1元起秤重計價。,https://www.cofeel.com.tw/products/18770.html,https://thelife6.wztech.com.tw/Upload/ProductImage/2024060717533890.jpg,in stock,399 TWD,CoFeel 凱飛鮮烘豆,new,no,"Food, Beverages & Tobacco > Beverages > Coffee & Tea > Coffee"
18769,CoFeel 凱飛火山噴泉鮮烘咖啡豆-Ai嚴選十二星座配方咖啡豆【靈感火花】,CoFeel 凱飛火山噴泉鮮烘咖啡豆-Ai嚴選十二星座配方咖啡豆【靈感火花】。產地：衣索比亞/瓜地馬拉、烘焙度：中焙。CoFeel 凱飛鮮烘豆，SCA認證職人接單鮮烘，1克1元起秤重計價。,https://www.cofeel.com.tw/products/18769.html,https://thelife6.wztech.com.tw/Upload/ProductImage/2024060717521195.jpg,in stock,399 TWD,CoFeel 凱飛鮮烘豆,new,no,"Food, Beverages & Tobacco > Beverages > Coffee & Tea > Coffee"
18768,CoFeel 凱飛火山噴泉鮮烘咖啡豆-Ai嚴選十二星座配方咖啡豆【堅毅堅定】,CoFeel 凱飛火山噴泉鮮烘咖啡豆-Ai嚴選十二星座配方咖啡豆【堅毅堅定】。產地：哥倫比亞/印尼、烘焙度：中焙。CoFeel 凱飛鮮烘豆，SCA認證職人接單鮮烘，1克1元起秤重計價。,https://www.cofeel.com.tw/products/18768.html,https://thelife6.wztech.com.tw/Upload/ProductImage/2024060717501080.jpg,in stock,369 TWD,CoFeel 凱飛鮮烘豆,new,no,"Food, Beverages & Tobacco > Beverages > Coffee & Tea > Coffee"
18767,CoFeel 凱飛火山噴泉鮮烘咖啡豆-Ai嚴選十二星座配方咖啡豆【無限探索】,CoFeel 凱飛火山噴泉鮮烘咖啡豆-Ai嚴選十二星座配方咖啡豆【無限探索】。產地：新幾內亞/肯亞、烘焙度：中焙。CoFeel 凱飛鮮烘豆，SCA認證職人接單鮮烘，1克1元起秤重計價。,https://www.cofeel.com.tw/products/18767.html,https://thelife6.wztech.com.tw/Upload/ProductImage/2024060717482985.jpg,in stock,369 TWD,CoFeel 凱飛鮮烘豆,new,no,"Food, Beverages & Tobacco > Beverages > Coffee & Tea > Coffee"
18766,CoFeel 凱飛火山噴泉鮮烘咖啡豆-Ai嚴選十二星座配方咖啡豆【深邃神秘】,CoFeel 凱飛火山噴泉鮮烘咖啡豆-Ai嚴選十二星座配方咖啡豆【深邃神秘】。產地：衣索比亞/哥倫比亞、烘焙度：淺中焙。CoFeel 凱飛鮮烘豆，SCA認證職人接單鮮烘，1克1元起秤重計價。,https://www.cofeel.com.tw/products/18766.html,https://thelife6.wztech.com.tw/Upload/ProductImage/2024060717461726.jpg,in stock,450 TWD,CoFeel 凱飛鮮烘豆,new,no,"Food, Beverages & Tobacco > Beverages > Coffee & Tea > Coffee"
18765,CoFeel 凱飛火山噴泉鮮烘咖啡豆-Ai嚴選十二星座配方咖啡豆【平衡之美】,CoFeel 凱飛火山噴泉鮮烘咖啡豆-Ai嚴選十二星座配方咖啡豆【平衡之美】。產地：瓜地馬拉/哥斯大黎加、烘焙度：中焙。CoFeel 凱飛鮮烘豆，SCA認證職人接單鮮烘，1克1元起秤重計價。,https://www.cofeel.com.tw/products/18765.html,https://thelife6.wztech.com.tw/Upload/ProductImage/2024060717441015.jpg,in stock,349 TWD,CoFeel 凱飛鮮烘豆,new,no,"Food, Beverages & Tobacco > Beverages > Coffee & Tea > Coffee"
18764,CoFeel 凱飛火山噴泉鮮烘咖啡豆-Ai嚴選十二星座配方咖啡豆【純淨之心】,CoFeel 凱飛火山噴泉鮮烘咖啡豆-Ai嚴選十二星座配方咖啡豆【純淨之心】。產地：哥倫比亞/印尼、烘焙度：中焙。CoFeel 凱飛鮮烘豆，SCA認證職人接單鮮烘，1克1元起秤重計價。,https://www.cofeel.com.tw/products/18764.html,https://thelife6.wztech.com.tw/Upload/ProductImage/2024060717420747.jpg,in stock,369 TWD,CoFeel 凱飛鮮烘豆,new,no,"Food, Beverages & Tobacco > Beverages > Coffee & Tea > Coffee"
18763,CoFeel 凱飛火山噴泉鮮烘咖啡豆-Ai嚴選十二星座配方咖啡豆【驕陽榮耀】,CoFeel 凱飛火山噴泉鮮烘咖啡豆-Ai嚴選十二星座配方咖啡豆【驕陽榮耀】。產地：瓜地馬拉/肯亞、烘焙度：中焙。CoFeel 凱飛鮮烘豆，SCA認證職人接單鮮烘，1克1元起秤重計價。,https://www.cofeel.com.tw/products/18763.html,https://thelife6.wztech.com.tw/Upload/ProductImage/2024060717395476.jpg,in stock,349 TWD,CoFeel 凱飛鮮烘豆,new,no,"Food, Beverages & Tobacco > Beverages > Coffee & Tea > Coffee"
18762,CoFeel 凱飛火山噴泉鮮烘咖啡豆-Ai嚴選十二星座配方咖啡豆【溫暖懷抱】,CoFeel 凱飛火山噴泉鮮烘咖啡豆-Ai嚴選十二星座配方咖啡豆【溫暖懷抱】。產地：瓜地馬拉/哥斯大黎加、烘焙度：中焙。CoFeel 凱飛鮮烘豆，SCA認證職人接單鮮烘，1克1元起秤重計價。,https://www.cofeel.com.tw/products/18762.html,https://thelife6.wztech.com.tw/Upload/ProductImage/2024060717365550.jpg,in stock,349 TWD,CoFeel 凱飛鮮烘豆,new,no,"Food, Beverages & Tobacco > Beverages > Coffee & Tea > Coffee"
18761,CoFeel 凱飛火山噴泉鮮烘咖啡豆-Ai嚴選十二星座配方咖啡豆【輕盈跳躍】,CoFeel 凱飛火山噴泉鮮烘咖啡豆-Ai嚴選十二星座配方咖啡豆【輕盈跳躍】。產地：衣索比亞/新幾內亞、烘焙度：中焙。CoFeel 凱飛鮮烘豆，SCA認證職人接單鮮烘，1克1元起秤重計價。,https://www.cofeel.com.tw/products/18761.html,https://thelife6.wztech.com.tw/Upload/ProductImage/2024060717341501.jpg,in stock,399 TWD,CoFeel 凱飛鮮烘豆,new,no,"Food, Beverages & Tobacco > Beverages > Coffee & Tea > Coffee"
18760,CoFeel 凱飛火山噴泉鮮烘咖啡豆-Ai嚴選十二星座配方咖啡豆【舒適之地】,CoFeel 凱飛火山噴泉鮮烘咖啡豆-Ai嚴選十二星座配方咖啡豆【舒適之地】。產地：哥倫比亞/哥斯大黎加、烘焙度：中焙。CoFeel 凱飛鮮烘豆，SCA認證職人接單鮮烘，1克1元起秤重計價。,https://www.cofeel.com.tw/products/18760.html,https://thelife6.wztech.com.tw/Upload/ProductImage/2024060716300101.jpg,in stock,349 TWD,CoFeel 凱飛鮮烘豆,new,no,"Food, Beverages & Tobacco > Beverages > Coffee & Tea > Coffee"
18759,CoFeel 凱飛火山噴泉鮮烘咖啡豆-Ai嚴選十二星座配方咖啡豆【熱情晨曦】,CoFeel 凱飛火山噴泉鮮烘咖啡豆-Ai嚴選十二星座配方咖啡豆【熱情晨曦】。產地：衣索比亞/瓜地馬拉、烘焙度：中焙。CoFeel 凱飛鮮烘豆，SCA認證職人接單鮮烘，1克1元起秤重計價。,https://www.cofeel.com.tw/products/18759.html,https://thelife6.wztech.com.tw/Upload/ProductImage/2024060716160620.jpg,in stock,399 TWD,CoFeel 凱飛鮮烘豆,new,no,"Food, Beverages & Tobacco > Beverages > Coffee & Tea > Coffee"
18380,CoFeel 凱飛薇薇特南果咖啡豆-中烘焙(227gx2包),CoFeel 凱飛薇薇特南果咖啡豆-中烘焙(227gx2包)。產地：瓜地馬拉、處理法：水洗處理法、烘焙度：中焙、風味：可可、黑櫻桃、奶油、核果。CoFeel 凱飛鮮烘豆，SCA認證職人接單鮮烘，1克1元起秤重計價。,https://www.cofeel.com.tw/products/18380.html,https://thelife6.wztech.com.tw/Upload/ProductImage/2023111010152276.jpg,in stock,698 TWD,CoFeel 凱飛鮮烘豆,new,no,"Food, Beverages & Tobacco > Beverages > Coffee & Tea > Coffee"
18379,CoFeel 凱飛薇薇特南果咖啡豆-中烘焙(227g/包),CoFeel 凱飛薇薇特南果咖啡豆-中烘焙(227g/包)。產地：瓜地馬拉、處理法：水洗處理法、烘焙度：中焙、風味：可可、黑櫻桃、奶油、核果。CoFeel 凱飛鮮烘豆，SCA認證職人接單鮮烘，1克1元起秤重計價。,https://www.cofeel.com.tw/products/18379.html,https://thelife6.wztech.com.tw/Upload/ProductImage/2023111010112063.jpg,in stock,399 TWD,CoFeel 凱飛鮮烘豆,new,no,"Food, Beverages & Tobacco > Beverages > Coffee & Tea > Coffee"
18378,CoFeel 凱飛特調酒香花神咖啡豆-中烘焙(227gx2包),CoFeel 凱飛特調酒香花神咖啡豆-中烘焙(227gx2包)。產地：衣索比亞+瓜地馬拉、處理法：日曬/水洗處理法、烘焙度：中焙、風味：烤焦糖、白柚、莓果、水果酒、香甜濃郁。CoFeel 凱飛鮮烘豆，SCA認證職人接單鮮烘，1克1元起秤重計價。,https://www.cofeel.com.tw/products/18378.html,https://thelife6.wztech.com.tw/Upload/ProductImage/2023111010235949.jpg,in stock,799 TWD,CoFeel 凱飛鮮烘豆,new,no,"Food, Beverages & Tobacco > Beverages > Coffee & Tea > Coffee"
18377,CoFeel 凱飛特調酒香花神咖啡豆-中烘焙(227g/包),CoFeel 凱飛特調酒香花神咖啡豆-中烘焙(227g/包)。產地：衣索比亞+瓜地馬拉、處理法：日曬/水洗處理法、烘焙度：中焙、風味：烤焦糖、白柚、莓果、水果酒、香甜濃郁。CoFeel 凱飛鮮烘豆，SCA認證職人接單鮮烘，1克1元起秤重計價。,https://www.cofeel.com.tw/products/18377.html,https://thelife6.wztech.com.tw/Upload/ProductImage/2023111010213790.jpg,in stock,449 TWD,CoFeel 凱飛鮮烘豆,new,no,"Food, Beverages & Tobacco > Beverages > Coffee & Tea > Coffee"
18278,CoFeel 凱飛鮮烘豆極品咖啡豆氣閥式豆罐裝半磅+百年老店泉發蜂蜜50g(啡嚐親蜜禮盒/咖啡禮盒/蜂蜜禮盒),CoFeel 凱飛鮮烘豆極品咖啡豆氣閥式豆罐裝半磅+百年老店泉發蜂蜜50g(啡嚐親蜜禮盒/咖啡禮盒/蜂蜜禮盒)。產地：衣索比亞、處理法：日曬處理法、烘焙度：淺中焙、風味：蜂蜜、檸檬柑橘、奶油、楓糖、花香。CoFeel 凱飛鮮烘豆，SCA認證職人接單鮮烘，1克1元起秤重計價。,https://www.cofeel.com.tw/products/18278.html,https://thelife6.wztech.com.tw/Upload/ProductImage/2023112911314717.jpg,in stock,1688 TWD,CoFeel 凱飛鮮烘豆,new,no,"Food, Beverages & Tobacco > Beverages > Coffee & Tea > Coffee"
18276,CoFeel 凱飛鮮烘豆馬拉威厭氧酒香藝妓極品咖啡豆氣閥式豆罐裝半磅+百年老店泉發蜂蜜50g(啡嚐親蜜禮盒/咖啡禮盒/蜂蜜禮盒),CoFeel 凱飛鮮烘豆馬拉威厭氧酒香藝妓極品咖啡豆氣閥式豆罐裝半磅+百年老店泉發蜂蜜50g(啡嚐親蜜禮盒/咖啡禮盒/蜂蜜禮盒)。產地：馬拉威、處理法：厭氧處理法、烘焙度：淺中焙、風味：蘭姆酒香、桃子、青蘋果、柑橘、柚子、哈蜜瓜。CoFeel 凱飛鮮烘豆，SCA認證職人接單鮮烘，1克1元起秤重計價。,https://www.cofeel.com.tw/products/18276.html,https://thelife6.wztech.com.tw/Upload/ProductImage/2023112911360628.jpg,in stock,1888 TWD,CoFeel 凱飛鮮烘豆,new,no,"Food, Beverages & Tobacco > Beverages > Coffee & Tea > Coffee"
18262,CoFeel 凱飛輕薄柔軟矽藻土防滑快乾吸水墊40x30cm 6入(珪藻土/瀝水墊/餐墊),CoFeel 凱飛輕薄柔軟矽藻土防滑快乾吸水墊40x30cm 6入(珪藻土/瀝水墊/餐墊)。產地：中國。CoFeel 凱飛鮮烘豆，SCA認證職人接單鮮烘，1克1元起秤重計價。,https://www.cofeel.com.tw/products/18262.html,https://thelife6.wztech.com.tw/Upload/ProductImage/2023081709300418.jpg,in stock,999 TWD,CoFeel 凱飛鮮烘豆,new,no,"Food, Beverages & Tobacco > Beverages > Coffee & Tea > Coffee"
18261,CoFeel 凱飛輕薄柔軟矽藻土防滑快乾吸水墊40x30cm 2入(珪藻土/瀝水墊/餐墊),CoFeel 凱飛輕薄柔軟矽藻土防滑快乾吸水墊40x30cm 2入(珪藻土/瀝水墊/餐墊)。產地：中國。CoFeel 凱飛鮮烘豆，SCA認證職人接單鮮烘，1克1元起秤重計價。,https://www.cofeel.com.tw/products/18261.html,https://thelife6.wztech.com.tw/Upload/ProductImage/2023081709272698.jpg,in stock,399 TWD,CoFeel 凱飛鮮烘豆,new,no,"Food, Beverages & Tobacco > Beverages > Coffee & Tea > Coffee"
18260,CoFeel 凱飛輕薄柔軟矽藻土防滑快乾吸水墊40x30cm(珪藻土/瀝水墊/餐墊),CoFeel 凱飛輕薄柔軟矽藻土防滑快乾吸水墊40x30cm(珪藻土/瀝水墊/餐墊)。產地：中國。CoFeel 凱飛鮮烘豆，SCA認證職人接單鮮烘，1克1元起秤重計價。,https://www.cofeel.com.tw/products/18260.html,https://thelife6.wztech.com.tw/Upload/ProductImage/2023081709240562.jpg,in stock,239 TWD,CoFeel 凱飛鮮烘豆,new,no,"Food, Beverages & Tobacco > Beverages > Coffee & Tea > Coffee"
18191,(生豆)E7HomeCafe一起烘咖啡 AI智能挑豆哥斯大黎加征服者水洗單品咖啡生豆1公斤,(生豆)E7HomeCafe一起烘咖啡 AI智能挑豆哥斯大黎加征服者水洗單品咖啡生豆1公斤。產地：哥斯大黎加、處理法：水洗處理法、風味：黑巧克力、奶油、杏仁、麥芽。CoFeel 凱飛鮮烘豆，SCA認證職人接單鮮烘，1克1元起秤重計價。,https://www.cofeel.com.tw/products/18191.html,https://thelife6.wztech.com.tw/Upload/ProductImage/2023072511565149.jpg,in stock,1080 TWD,CoFeel 凱飛鮮烘豆,new,no,"Food, Beverages & Tobacco > Beverages > Coffee & Tea > Coffee"
18190,(生豆)E7HomeCafe一起烘咖啡 AI智能挑豆哥斯大黎加征服者水洗單品咖啡生豆500克,(生豆)E7HomeCafe一起烘咖啡 AI智能挑豆哥斯大黎加征服者水洗單品咖啡生豆500克。產地：哥斯大黎加、處理法：水洗處理法、風味：黑巧克力、奶油、杏仁、麥芽。CoFeel 凱飛鮮烘豆，SCA認證職人接單鮮烘，1克1元起秤重計價。,https://www.cofeel.com.tw/products/18190.html,https://thelife6.wztech.com.tw/Upload/ProductImage/2023072511550845.jpg,in stock,569 TWD,CoFeel 凱飛鮮烘豆,new,no,"Food, Beverages & Tobacco > Beverages > Coffee & Tea > Coffee"
18185,(生豆)E7HomeCafe一起烘咖啡 AI智能挑豆衣索比亞耶加雪菲日曬一級單品咖啡生豆1公斤,(生豆)E7HomeCafe一起烘咖啡 AI智能挑豆衣索比亞耶加雪菲日曬一級單品咖啡生豆1公斤。產地：衣索比亞、處理法：日曬處理法、風味：柑橘、橘子皮、花香、甜度高。CoFeel 凱飛鮮烘豆，SCA認證職人接單鮮烘，1克1元起秤重計價。,https://www.cofeel.com.tw/products/18185.html,https://thelife6.wztech.com.tw/Upload/ProductImage/2023072511335064.jpg,in stock,1230 TWD,CoFeel 凱飛鮮烘豆,new,no,"Food, Beverages & Tobacco > Beverages > Coffee & Tea > Coffee"
18184,(生豆)E7HomeCafe一起烘咖啡 AI智能挑豆衣索比亞耶加雪菲日曬一級單品咖啡生豆500克,(生豆)E7HomeCafe一起烘咖啡 AI智能挑豆衣索比亞耶加雪菲日曬一級單品咖啡生豆500克。產地：衣索比亞、處理法：日曬處理法、風味：柑橘、橘子皮、花香、甜度高。CoFeel 凱飛鮮烘豆，SCA認證職人接單鮮烘，1克1元起秤重計價。,https://www.cofeel.com.tw/products/18184.html,https://thelife6.wztech.com.tw/Upload/ProductImage/2023072511313011.jpg,in stock,649 TWD,CoFeel 凱飛鮮烘豆,new,no,"Food, Beverages & Tobacco > Beverages > Coffee & Tea > Coffee"
18176,CoFeel 凱飛不鏽鋼濾掛咖啡架/露營登山掛耳咖啡架附接漏盤(送凱飛濾掛咖啡5包-風味隨機),CoFeel 凱飛不鏽鋼濾掛咖啡架/露營登山掛耳咖啡架附接漏盤(送凱飛濾掛咖啡5包-風味隨機)。產地：中國。CoFeel 凱飛鮮烘豆，SCA認證職人接單鮮烘，1克1元起秤重計價。,https://www.cofeel.com.tw/products/18176.html,https://thelife6.wztech.com.tw/Upload/ProductImage/2023070311430404.jpg,in stock,599 TWD,CoFeel 凱飛鮮烘豆,new,no,"Food, Beverages & Tobacco > Beverages > Coffee & Tea > Coffee"
18175,CoFeel 凱飛304不鏽鋼韓式小菜盤/醬料盤14cm 4入,CoFeel 凱飛304不鏽鋼韓式小菜盤/醬料盤14cm 4入。產地：中國。CoFeel 凱飛鮮烘豆，SCA認證職人接單鮮烘，1克1元起秤重計價。,https://www.cofeel.com.tw/products/18175.html,https://thelife6.wztech.com.tw/Upload/ProductImage/2023070311481259.jpg,in stock,749 TWD,CoFeel 凱飛鮮烘豆,new,no,"Food, Beverages & Tobacco > Beverages > Coffee & Tea > Coffee"
18166,CoFeel 凱飛304不鏽鋼韓式小菜盤/醬料盤14cm,CoFeel 凱飛304不鏽鋼韓式小菜盤/醬料盤14cm。產地：中國。CoFeel 凱飛鮮烘豆，SCA認證職人接單鮮烘，1克1元起秤重計價。,https://www.cofeel.com.tw/products/18166.html,https://thelife6.wztech.com.tw/Upload/ProductImage/2023070311464752.jpg,in stock,249 TWD,CoFeel 凱飛鮮烘豆,new,no,"Food, Beverages & Tobacco > Beverages > Coffee & Tea > Coffee"
18165,CoFeel 凱飛不鏽鋼濾掛咖啡架/露營登山掛耳咖啡架,CoFeel 凱飛不鏽鋼濾掛咖啡架/露營登山掛耳咖啡架。產地：中國。CoFeel 凱飛鮮烘豆，SCA認證職人接單鮮烘，1克1元起秤重計價。,https://www.cofeel.com.tw/products/18165.html,https://thelife6.wztech.com.tw/Upload/ProductImage/2023070311404233.jpg,in stock,399 TWD,CoFeel 凱飛鮮烘豆,new,no,"Food, Beverages & Tobacco > Beverages > Coffee & Tea > Coffee"
17821,CoFeel 凱飛嚴選醇香阿拉比卡濾掛咖啡/耳掛咖啡包10gx40包量販袋,CoFeel 凱飛嚴選醇香阿拉比卡濾掛咖啡/耳掛咖啡包10gx40包量販袋。產地：巴西、烘焙度：中深焙、風味：奶油、榛果、焦糖、巧克力。CoFeel 凱飛鮮烘豆，SCA認證職人接單鮮烘，1克1元起秤重計價。,https://www.cofeel.com.tw/products/17821.html,https://thelife6.wztech.com.tw/Upload/ProductImage/2023030111473410.jpg,in stock,990 TWD,CoFeel 凱飛鮮烘豆,new,no,"Food, Beverages & Tobacco > Beverages > Coffee & Tea > Coffee"
17820,CoFeel 凱飛嚴選醇香阿拉比卡濾掛咖啡/耳掛咖啡包10gx10包,CoFeel 凱飛嚴選醇香阿拉比卡濾掛咖啡/耳掛咖啡包10gx10包。產地：巴西、烘焙度：中深焙、風味：奶油、榛果、焦糖、巧克力。CoFeel 凱飛鮮烘豆，SCA認證職人接單鮮烘，1克1元起秤重計價。,https://www.cofeel.com.tw/products/17820.html,https://thelife6.wztech.com.tw/Upload/ProductImage/2023030111450124.jpg,in stock,330 TWD,CoFeel 凱飛鮮烘豆,new,no,"Food, Beverages & Tobacco > Beverages > Coffee & Tea > Coffee"
17816,CoFeel 凱飛鮮烘豆衣索比亞酒香莓人日曬G1淺中烘焙咖啡豆氣閥式豆罐裝一磅,CoFeel 凱飛鮮烘豆衣索比亞酒香莓人日曬G1淺中烘焙咖啡豆氣閥式豆罐裝一磅。產地：衣索比亞、處理法：日曬處理法、烘焙度：淺中焙、風味：莓果、草莓優格、百香果、水果酒、砂糖橘、重發酵感、香甜濃郁。CoFeel 凱飛鮮烘豆，SCA認證職人接單鮮烘，1克1元起秤重計價。,https://www.cofeel.com.tw/products/17816.html,https://thelife6.wztech.com.tw/Upload/ProductImage/2023022315372240.jpg,in stock,1690 TWD,CoFeel 凱飛鮮烘豆,new,no,"Food, Beverages & Tobacco > Beverages > Coffee & Tea > Coffee"
17815,CoFeel 凱飛鮮烘豆衣索比亞酒香莓人日曬G1淺中烘焙咖啡豆氣閥式豆罐裝半磅,CoFeel 凱飛鮮烘豆衣索比亞酒香莓人日曬G1淺中烘焙咖啡豆氣閥式豆罐裝半磅。產地：衣索比亞、處理法：日曬處理法、烘焙度：淺中焙、風味：莓果、草莓優格、百香果、水果酒、砂糖橘、重發酵感、香甜濃郁。CoFeel 凱飛鮮烘豆，SCA認證職人接單鮮烘，1克1元起秤重計價。,https://www.cofeel.com.tw/products/17815.html,https://thelife6.wztech.com.tw/Upload/ProductImage/2023022315352335.jpg,in stock,899 TWD,CoFeel 凱飛鮮烘豆,new,no,"Food, Beverages & Tobacco > Beverages > Coffee & Tea > Coffee"
17776,CoFeel 凱飛鮮烘豆瓜地馬拉花神濾掛咖啡/掛耳咖啡包10gx40包量販袋,CoFeel 凱飛鮮烘豆瓜地馬拉花神濾掛咖啡/掛耳咖啡包10gx40包量販袋。產地：瓜地馬拉、處理法：水洗處理法、烘焙度：中焙、風味：香草香氣、烤焦糖香、白柚、龍眼乾、苦甜巧克力。CoFeel 凱飛鮮烘豆，SCA認證職人接單鮮烘，1克1元起秤重計價。,https://www.cofeel.com.tw/products/17776.html,https://thelife6.wztech.com.tw/Upload/ProductImage/2023011213401622.jpg,in stock,880 TWD,CoFeel 凱飛鮮烘豆,new,no,"Food, Beverages & Tobacco > Beverages > Coffee & Tea > Coffee"
17725,CoFeel 凱飛鮮烘豆衣索比亞酒香莓人日曬G1淺中烘焙咖啡豆一磅,CoFeel 凱飛鮮烘豆衣索比亞酒香莓人日曬G1淺中烘焙咖啡豆一磅。產地：衣索比亞、處理法：日曬處理法、烘焙度：淺中焙、風味：莓果、草莓優格、百香果、水果酒、砂糖橘、重發酵感、香甜濃郁。CoFeel 凱飛鮮烘豆，SCA認證職人接單鮮烘，1克1元起秤重計價。,https://www.cofeel.com.tw/products/17725.html,https://thelife6.wztech.com.tw/Upload/ProductImage/2022122615080559.jpg,in stock,1099 TWD,CoFeel 凱飛鮮烘豆,new,no,"Food, Beverages & Tobacco > Beverages > Coffee & Tea > Coffee"
17724,CoFeel 凱飛鮮烘豆衣索比亞酒香莓人日曬G1淺中烘焙咖啡豆半磅,CoFeel 凱飛鮮烘豆衣索比亞酒香莓人日曬G1淺中烘焙咖啡豆半磅。產地：衣索比亞、處理法：日曬處理法、烘焙度：淺中焙、風味：莓果、草莓優格、百香果、水果酒、砂糖橘、重發酵感、香甜濃郁。CoFeel 凱飛鮮烘豆，SCA認證職人接單鮮烘，1克1元起秤重計價。,https://www.cofeel.com.tw/products/17724.html,https://thelife6.wztech.com.tw/Upload/ProductImage/2022122615005704.jpg,in stock,599 TWD,CoFeel 凱飛鮮烘豆,new,no,"Food, Beverages & Tobacco > Beverages > Coffee & Tea > Coffee"
17661,CoFeel 凱飛鮮烘豆瓜地馬拉花神濾掛咖啡/掛耳咖啡包10gx20包,CoFeel 凱飛鮮烘豆瓜地馬拉花神濾掛咖啡/掛耳咖啡包10gx20包。產地：瓜地馬拉、處理法：水洗處理法、烘焙度：中焙、風味：香草香氣、烤焦糖香、白柚、龍眼乾、苦甜巧克力。CoFeel 凱飛鮮烘豆，SCA認證職人接單鮮烘，1克1元起秤重計價。,https://www.cofeel.com.tw/products/17661.html,https://thelife6.wztech.com.tw/Upload/ProductImage/2022112516350970.jpg,in stock,499 TWD,CoFeel 凱飛鮮烘豆,new,no,"Food, Beverages & Tobacco > Beverages > Coffee & Tea > Coffee"
17660,CoFeel 凱飛鮮烘豆瓜地馬拉花神濾掛咖啡/掛耳咖啡包10gx10包,CoFeel 凱飛鮮烘豆瓜地馬拉花神濾掛咖啡/掛耳咖啡包10gx10包。產地：瓜地馬拉、處理法：水洗處理法、烘焙度：中焙、風味：香草香氣、烤焦糖香、白柚、龍眼乾、苦甜巧克力。CoFeel 凱飛鮮烘豆，SCA認證職人接單鮮烘，1克1元起秤重計價。,https://www.cofeel.com.tw/products/17660.html,https://thelife6.wztech.com.tw/Upload/ProductImage/2022112516303043.jpg,in stock,299 TWD,CoFeel 凱飛鮮烘豆,new,no,"Food, Beverages & Tobacco > Beverages > Coffee & Tea > Coffee"
17524,CoFeel 凱飛鮮烘豆馬拉威酒香藝妓極品咖啡豆氣閥式豆罐裝半磅+御慈即食燕窩4瓶(啡常燕麗禮盒),CoFeel 凱飛鮮烘豆馬拉威酒香藝妓極品咖啡豆氣閥式豆罐裝半磅+御慈即食燕窩4瓶(啡常燕麗禮盒)。產地：馬拉威、處理法：厭氧處理法、烘焙度：淺中焙、風味：蘭姆酒香、桃子、青蘋果、柑橘、柚子、哈蜜瓜。CoFeel 凱飛鮮烘豆，SCA認證職人接單鮮烘，1克1元起秤重計價。,https://www.cofeel.com.tw/products/17524.html,https://thelife6.wztech.com.tw/Upload/ProductImage/2022092914435423.jpg,in stock,2388 TWD,CoFeel 凱飛鮮烘豆,new,no,"Food, Beverages & Tobacco > Beverages > Coffee & Tea > Coffee"
17522,CoFeel 凱飛鮮烘豆極品咖啡豆氣閥式豆罐裝半磅+御慈即食燕窩4瓶(啡常燕麗禮盒),CoFeel 凱飛鮮烘豆極品咖啡豆氣閥式豆罐裝半磅+御慈即食燕窩4瓶(啡常燕麗禮盒)。產地：衣索比亞、處理法：日曬處理法、烘焙度：淺中焙、風味：蜂蜜、檸檬柑橘、奶油、楓糖、花香。CoFeel 凱飛鮮烘豆，SCA認證職人接單鮮烘，1克1元起秤重計價。,https://www.cofeel.com.tw/products/17522.html,https://thelife6.wztech.com.tw/Upload/ProductImage/2022092914400628.jpg,in stock,2088 TWD,CoFeel 凱飛鮮烘豆,new,no,"Food, Beverages & Tobacco > Beverages > Coffee & Tea > Coffee"
17518,CoFeel 凱飛鮮烘豆馬拉威厭氧酒香藝妓極品咖啡豆氣閥式豆罐裝半磅+泉發蜂蜜250g 2罐(啡嚐親蜜禮盒/咖啡禮盒/蜂蜜禮盒),CoFeel 凱飛鮮烘豆馬拉威厭氧酒香藝妓極品咖啡豆氣閥式豆罐裝半磅+泉發蜂蜜250g 2罐(啡嚐親蜜禮盒/咖啡禮盒/蜂蜜禮盒)。產地：馬拉威、處理法：厭氧處理法、烘焙度：淺中焙、風味：蘭姆酒香、桃子、青蘋果、柑橘、柚子、哈蜜瓜。CoFeel 凱飛鮮烘豆，SCA認證職人接單鮮烘，1克1元起秤重計價。,https://www.cofeel.com.tw/products/17518.html,https://thelife6.wztech.com.tw/Upload/ProductImage/2022090810184337.jpg,in stock,2268 TWD,CoFeel 凱飛鮮烘豆,new,no,"Food, Beverages & Tobacco > Beverages > Coffee & Tea > Coffee"
17516,CoFeel 凱飛鮮烘豆極品咖啡豆氣閥式豆罐裝半磅+泉發蜂蜜250g 2罐(啡嚐親蜜禮盒/咖啡禮盒/蜂蜜禮盒),CoFeel 凱飛鮮烘豆極品咖啡豆氣閥式豆罐裝半磅+泉發蜂蜜250g 2罐(啡嚐親蜜禮盒/咖啡禮盒/蜂蜜禮盒)。產地：衣索比亞、處理法：日曬處理法、烘焙度：淺中焙、風味：蜂蜜、檸檬柑橘、奶油、楓糖、花香。CoFeel 凱飛鮮烘豆，SCA認證職人接單鮮烘，1克1元起秤重計價。,https://www.cofeel.com.tw/products/17516.html,https://thelife6.wztech.com.tw/Upload/ProductImage/2022090810005636.jpg,in stock,1888 TWD,CoFeel 凱飛鮮烘豆,new,no,"Food, Beverages & Tobacco > Beverages > Coffee & Tea > Coffee"
17253,(生豆)E7HomeCafe一起烘咖啡 瓜地馬拉安地瓜花神水洗處理咖啡生豆1000克,(生豆)E7HomeCafe一起烘咖啡 瓜地馬拉安地瓜花神水洗處理咖啡生豆1000克。產地：瓜地馬拉、處理法：水洗處理法、風味：香草香氣、烤焦糖香、白柚、龍眼乾、苦甜巧克力。CoFeel 凱飛鮮烘豆，SCA認證職人接單鮮烘，1克1元起秤重計價。,https://www.cofeel.com.tw/products/17253.html,https://thelife6.wztech.com.tw/Upload/ProductImage/2025030514523105.jpg,in stock,990 TWD,CoFeel 凱飛鮮烘豆,new,no,"Food, Beverages & Tobacco > Beverages > Coffee & Tea > Coffee"
17211,CoFeel 凱飛馬拉威厭氧酒香藝妓淺中焙極品咖啡豆氣閥式豆罐裝一磅+濾掛禮盒,CoFeel 凱飛馬拉威厭氧酒香藝妓淺中焙極品咖啡豆氣閥式豆罐裝一磅+濾掛禮盒。產地：馬拉威、處理法：厭氧處理法、烘焙度：淺中焙、風味：蘭姆酒香/桃子/柑橘/哈蜜瓜。CoFeel 凱飛鮮烘豆，SCA認證職人接單鮮烘，1克1元起秤重計價。,https://www.cofeel.com.tw/products/17211.html,https://thelife6.wztech.com.tw/Upload/ProductImage/2022090610353654.jpg,in stock,2280 TWD,CoFeel 凱飛鮮烘豆,new,no,"Food, Beverages & Tobacco > Beverages > Coffee & Tea > Coffee"
17210,CoFeel 凱飛衣索比亞耶加雪菲G1淺中焙極品咖啡豆氣閥式豆罐裝一磅+濾掛禮盒,CoFeel 凱飛衣索比亞耶加雪菲G1淺中焙極品咖啡豆氣閥式豆罐裝一磅+濾掛禮盒。產地：衣索比亞、處理法：日曬處理法、烘焙度：淺中焙、風味：蜂蜜/柑橘/奶油/楓糖。CoFeel 凱飛鮮烘豆，SCA認證職人接單鮮烘，1克1元起秤重計價。,https://www.cofeel.com.tw/products/17210.html,https://thelife6.wztech.com.tw/Upload/ProductImage/2022090610343344.jpg,in stock,1880 TWD,CoFeel 凱飛鮮烘豆,new,no,"Food, Beverages & Tobacco > Beverages > Coffee & Tea > Coffee"
17209,CoFeel 凱飛鮮烘豆肯亞AA淺中焙極品阿拉比卡咖啡豆氣閥式豆罐裝一磅,CoFeel 凱飛鮮烘豆肯亞AA淺中焙極品阿拉比卡咖啡豆氣閥式豆罐裝一磅。產地：肯亞、處理法：水洗處理法、烘焙度：淺中焙、風味：蜂蜜/藍莓/葡萄柚/醋栗。CoFeel 凱飛鮮烘豆，SCA認證職人接單鮮烘，1克1元起秤重計價。,https://www.cofeel.com.tw/products/17209.html,https://thelife6.wztech.com.tw/Upload/ProductImage/2022041511235067.jpg,in stock,1490 TWD,CoFeel 凱飛鮮烘豆,new,no,"Food, Beverages & Tobacco > Beverages > Coffee & Tea > Coffee"
17208,CoFeel 凱飛鮮烘豆肯亞AA淺中焙極品阿拉比卡咖啡豆氣閥式豆罐裝半磅,CoFeel 凱飛鮮烘豆肯亞AA淺中焙極品阿拉比卡咖啡豆氣閥式豆罐裝半磅。產地：肯亞、處理法：水洗處理法、烘焙度：淺中焙、風味：蜂蜜/藍莓/葡萄柚/醋栗。CoFeel 凱飛鮮烘豆，SCA認證職人接單鮮烘，1克1元起秤重計價。,https://www.cofeel.com.tw/products/17208.html,https://thelife6.wztech.com.tw/Upload/ProductImage/2022041511183256.jpg,in stock,790 TWD,CoFeel 凱飛鮮烘豆,new,no,"Food, Beverages & Tobacco > Beverages > Coffee & Tea > Coffee"
17090,CoFeel 凱飛鮮烘豆馬拉威厭氧酒香藝妓淺中焙阿拉比卡咖啡豆一磅,CoFeel 凱飛鮮烘豆馬拉威厭氧酒香藝妓淺中焙阿拉比卡咖啡豆一磅。產地：馬拉威、處理法：厭氧處理法、烘焙度：淺中焙、風味：蘭姆酒香/桃子/柑橘/哈蜜瓜。CoFeel 凱飛鮮烘豆，SCA認證職人接單鮮烘，1克1元起秤重計價。,https://www.cofeel.com.tw/products/17090.html,https://thelife6.wztech.com.tw/Upload/ProductImage/2022031517133327.jpg,in stock,1799 TWD,CoFeel 凱飛鮮烘豆,new,no,"Food, Beverages & Tobacco > Beverages > Coffee & Tea > Coffee"
17089,CoFeel 凱飛鮮烘豆馬拉威厭氧酒香藝妓淺中焙阿拉比卡咖啡豆半磅,CoFeel 凱飛鮮烘豆馬拉威厭氧酒香藝妓淺中焙阿拉比卡咖啡豆半磅。產地：馬拉威、處理法：厭氧處理法、烘焙度：淺中焙、風味：蘭姆酒香/桃子/柑橘/哈蜜瓜。CoFeel 凱飛鮮烘豆，SCA認證職人接單鮮烘，1克1元起秤重計價。,https://www.cofeel.com.tw/products/17089.html,https://thelife6.wztech.com.tw/Upload/ProductImage/2022031517063078.jpg,in stock,949 TWD,CoFeel 凱飛鮮烘豆,new,no,"Food, Beverages & Tobacco > Beverages > Coffee & Tea > Coffee"
17088,CoFeel 凱飛鮮烘豆肯亞AA淺中焙極品阿拉比卡咖啡豆一磅,CoFeel 凱飛鮮烘豆肯亞AA淺中焙極品阿拉比卡咖啡豆一磅。產地：肯亞、處理法：水洗處理法、烘焙度：淺中焙、風味：蜂蜜/藍莓/葡萄柚/醋栗。CoFeel 凱飛鮮烘豆，SCA認證職人接單鮮烘，1克1元起秤重計價。,https://www.cofeel.com.tw/products/17088.html,https://thelife6.wztech.com.tw/Upload/ProductImage/2022031517254416.jpg,in stock,899 TWD,CoFeel 凱飛鮮烘豆,new,no,"Food, Beverages & Tobacco > Beverages > Coffee & Tea > Coffee"
17087,CoFeel 凱飛鮮烘豆肯亞AA淺中焙極品阿拉比卡咖啡豆半磅,CoFeel 凱飛鮮烘豆肯亞AA淺中焙極品阿拉比卡咖啡豆半磅。產地：肯亞、處理法：水洗處理法、烘焙度：淺中焙、風味：蜂蜜/藍莓/葡萄柚/醋栗。CoFeel 凱飛鮮烘豆，SCA認證職人接單鮮烘，1克1元起秤重計價。,https://www.cofeel.com.tw/products/17087.html,https://thelife6.wztech.com.tw/Upload/ProductImage/2022031517200573.jpg,in stock,499 TWD,CoFeel 凱飛鮮烘豆,new,no,"Food, Beverages & Tobacco > Beverages > Coffee & Tea > Coffee"
17059,CoFeel 凱飛鮮烘豆衣索比亞耶加雪菲G1淺中焙極品阿拉比卡咖啡豆氣閥式豆罐裝一磅,CoFeel 凱飛鮮烘豆衣索比亞耶加雪菲G1淺中焙極品阿拉比卡咖啡豆氣閥式豆罐裝一磅。產地：衣索比亞、處理法：日曬處理法、烘焙度：淺中焙、風味：蜂蜜/柑橘/奶油/楓糖。CoFeel 凱飛鮮烘豆，SCA認證職人接單鮮烘，1克1元起秤重計價。,https://www.cofeel.com.tw/products/17059.html,https://thelife6.wztech.com.tw/Upload/ProductImage/2022012016242166.jpg,in stock,1490 TWD,CoFeel 凱飛鮮烘豆,new,no,"Food, Beverages & Tobacco > Beverages > Coffee & Tea > Coffee"
17058,CoFeel 凱飛鮮烘豆衣索比亞耶加雪菲G1淺中焙極品阿拉比卡咖啡豆氣閥式豆罐裝半磅,CoFeel 凱飛鮮烘豆衣索比亞耶加雪菲G1淺中焙極品阿拉比卡咖啡豆氣閥式豆罐裝半磅。產地：衣索比亞、處理法：日曬處理法、烘焙度：淺中焙、風味：蜂蜜/柑橘/奶油/楓糖。CoFeel 凱飛鮮烘豆，SCA認證職人接單鮮烘，1克1元起秤重計價。,https://www.cofeel.com.tw/products/17058.html,https://thelife6.wztech.com.tw/Upload/ProductImage/2022012016135648.jpg,in stock,790 TWD,CoFeel 凱飛鮮烘豆,new,no,"Food, Beverages & Tobacco > Beverages > Coffee & Tea > Coffee"
17045,CoFeel 凱飛鮮烘豆馬拉威厭氧酒香藝妓淺中焙極品阿拉比卡咖啡豆氣閥式豆罐裝一磅,CoFeel 凱飛鮮烘豆馬拉威厭氧酒香藝妓淺中焙極品阿拉比卡咖啡豆氣閥式豆罐裝一磅。產地：馬拉威、處理法：厭氧處理法、烘焙度：淺中焙、風味：蘭姆酒香/桃子/柑橘/哈蜜瓜。CoFeel 凱飛鮮烘豆，SCA認證職人接單鮮烘，1克1元起秤重計價。,https://www.cofeel.com.tw/products/17045.html,https://thelife6.wztech.com.tw/Upload/ProductImage/2022011915064746.jpg,in stock,1880 TWD,CoFeel 凱飛鮮烘豆,new,no,"Food, Beverages & Tobacco > Beverages > Coffee & Tea > Coffee"
17044,CoFeel 凱飛鮮烘豆馬拉威厭氧酒香藝妓淺中焙極品阿拉比卡咖啡豆氣閥式豆罐裝半磅,CoFeel 凱飛鮮烘豆馬拉威厭氧酒香藝妓淺中焙極品阿拉比卡咖啡豆氣閥式豆罐裝半磅。產地：馬拉威、處理法：厭氧處理法、烘焙度：淺中焙、風味：蘭姆酒香/桃子/柑橘/哈蜜瓜。CoFeel 凱飛鮮烘豆，SCA認證職人接單鮮烘，1克1元起秤重計價。,https://www.cofeel.com.tw/products/17044.html,https://thelife6.wztech.com.tw/Upload/ProductImage/2022011915041596.jpg,in stock,990 TWD,CoFeel 凱飛鮮烘豆,new,no,"Food, Beverages & Tobacco > Beverages > Coffee & Tea > Coffee"
17040,CoFeel 凱飛鮮烘豆禮盒耶加雪菲/黃金曼特寧單品濾掛咖啡/耳掛咖啡包10g x 20包,CoFeel 凱飛鮮烘豆禮盒耶加雪菲/黃金曼特寧單品濾掛咖啡/耳掛咖啡包10g x 20包。產地：衣索比亞、處理法：日曬處理法、烘焙度：中焙、風味：柑橘、橘子皮、陳皮、Body圓潤、甜感佳。CoFeel 凱飛鮮烘豆，SCA認證職人接單鮮烘，1克1元起秤重計價。,https://www.cofeel.com.tw/products/17040.html,https://thelife6.wztech.com.tw/Upload/ProductImage/2022090610331480.jpg,in stock,899 TWD,CoFeel 凱飛鮮烘豆,new,no,"Food, Beverages & Tobacco > Beverages > Coffee & Tea > Coffee"
16847,CoFeel 凱飛鮮烘豆谷王巴非特調阿拉比卡中烘焙咖啡豆一磅,CoFeel 凱飛鮮烘豆谷王巴非特調阿拉比卡中烘焙咖啡豆一磅。產地：巴西+非洲、烘焙度：中焙、風味：核桃、堅果、花香、柑橘。CoFeel 凱飛鮮烘豆，SCA認證職人接單鮮烘，1克1元起秤重計價。,https://www.cofeel.com.tw/products/16847.html,https://thelife6.wztech.com.tw/Upload/ProductImage/2021090816194963.jpg,in stock,799 TWD,CoFeel 凱飛鮮烘豆,new,no,"Food, Beverages & Tobacco > Beverages > Coffee & Tea > Coffee"
16846,CoFeel 凱飛鮮烘豆谷王巴非特調阿拉比卡中烘焙咖啡豆半磅,CoFeel 凱飛鮮烘豆谷王巴非特調阿拉比卡中烘焙咖啡豆半磅。產地：巴西+非洲、烘焙度：中焙、風味：核桃、堅果、花香、柑橘。CoFeel 凱飛鮮烘豆，SCA認證職人接單鮮烘，1克1元起秤重計價。,https://www.cofeel.com.tw/products/16846.html,https://thelife6.wztech.com.tw/Upload/ProductImage/2021090816155592.jpg,in stock,449 TWD,CoFeel 凱飛鮮烘豆,new,no,"Food, Beverages & Tobacco > Beverages > Coffee & Tea > Coffee"
16683,CoFeel 凱飛鮮烘豆耶加雪夫單品濾掛咖啡/耳掛咖啡包10g x 40包量販袋,CoFeel 凱飛鮮烘豆耶加雪夫單品濾掛咖啡/耳掛咖啡包10g x 40包量販袋。產地：衣索比亞、處理法：日曬處理法、烘焙度：淺中焙、風味：柑橘、橘子皮、花香、甜度高。CoFeel 凱飛鮮烘豆，SCA認證職人接單鮮烘，1克1元起秤重計價。,https://www.cofeel.com.tw/products/16683.html,https://thelife6.wztech.com.tw/Upload/ProductImage/2021081113123434.jpg,in stock,890 TWD,CoFeel 凱飛鮮烘豆,new,no,"Food, Beverages & Tobacco > Beverages > Coffee & Tea > Coffee"
16682,CoFeel 凱飛鮮烘豆黃金曼特寧單品濾掛咖啡/耳掛咖啡包10g x 40包量販袋,CoFeel 凱飛鮮烘豆黃金曼特寧單品濾掛咖啡/耳掛咖啡包10g x 40包量販袋。產地：印尼、處理法：濕剝處理法、烘焙度：中深焙、風味：松木、焦糖奶油、尾韻甘甜。CoFeel 凱飛鮮烘豆，SCA認證職人接單鮮烘，1克1元起秤重計價。,https://www.cofeel.com.tw/products/16682.html,https://thelife6.wztech.com.tw/Upload/ProductImage/2021081113125834.jpg,in stock,890 TWD,CoFeel 凱飛鮮烘豆,new,no,"Food, Beverages & Tobacco > Beverages > Coffee & Tea > Coffee"
16670,CoFeel 凱飛鮮烘豆巴西雨林風情單品阿拉比卡濾掛咖啡/耳掛咖啡包10gx20包,CoFeel 凱飛鮮烘豆巴西雨林風情單品阿拉比卡濾掛咖啡/耳掛咖啡包10gx20包。產地：巴西、烘焙度：中深焙、風味：奶油、榛果、焦糖、巧克力。CoFeel 凱飛鮮烘豆，SCA認證職人接單鮮烘，1克1元起秤重計價。,https://www.cofeel.com.tw/products/16670.html,https://thelife6.wztech.com.tw/Upload/ProductImage/2021061609424833.jpg,in stock,580 TWD,CoFeel 凱飛鮮烘豆,new,no,"Food, Beverages & Tobacco > Beverages > Coffee & Tea > Coffee"
16669,CoFeel 凱飛鮮烘豆濃香特調義式咖啡豆一磅,CoFeel 凱飛鮮烘豆濃香特調義式咖啡豆一磅。產地：台灣、烘焙度：中深焙、風味：堅果、焦糖、黑巧克力、太妃糖。CoFeel 凱飛鮮烘豆，SCA認證職人接單鮮烘，1克1元起秤重計價。,https://www.cofeel.com.tw/products/16669.html,https://thelife6.wztech.com.tw/Upload/ProductImage/2021061609381164.jpg,in stock,690 TWD,CoFeel 凱飛鮮烘豆,new,no,"Food, Beverages & Tobacco > Beverages > Coffee & Tea > Coffee"
16636,CoFeel 凱飛鮮烘豆半磅咖啡豆特惠組+台灣製玻璃咖啡悶蒸沖泡壺400cc,CoFeel 凱飛鮮烘豆半磅咖啡豆特惠組+台灣製玻璃咖啡悶蒸沖泡壺400cc。產地：台灣、烘焙度：中深焙、風味：核果、麥芽、紅茶。CoFeel 凱飛鮮烘豆，SCA認證職人接單鮮烘，1克1元起秤重計價。,https://www.cofeel.com.tw/products/16636.html,https://thelife6.wztech.com.tw/Upload/ProductImage/2021051709181647.jpg,in stock,550 TWD,CoFeel 凱飛鮮烘豆,new,no,"Food, Beverages & Tobacco > Beverages > Coffee & Tea > Coffee"
16605,CoFeel凱飛 嚴選日本製針葉樹手沖濾紙錐形濾紙500張(2-4人),CoFeel凱飛 嚴選日本製針葉樹手沖濾紙錐形濾紙500張(2-4人)。產地：日本。CoFeel 凱飛鮮烘豆，SCA認證職人接單鮮烘，1克1元起秤重計價。,https://www.cofeel.com.tw/products/16605.html,https://thelife6.wztech.com.tw/Upload/ProductImage/2021041910444698.jpg,in stock,649 TWD,CoFeel 凱飛鮮烘豆,new,no,"Food, Beverages & Tobacco > Beverages > Coffee & Tea > Coffee"
16603,CoFeel 凱飛鮮烘豆衣索比亞耶加雪菲孔加G1淺烘焙咖啡豆一磅,CoFeel 凱飛鮮烘豆衣索比亞耶加雪菲孔加G1淺烘焙咖啡豆一磅。產地：衣索比亞、處理法：日曬處理法、烘焙度：淺焙、風味：蜂蜜、檸檬柑橘、奶油、楓糖、花香。CoFeel 凱飛鮮烘豆，SCA認證職人接單鮮烘，1克1元起秤重計價。,https://www.cofeel.com.tw/products/16603.html,https://thelife6.wztech.com.tw/Upload/ProductImage/2021032411451791.jpg,in stock,799 TWD,CoFeel 凱飛鮮烘豆,new,no,"Food, Beverages & Tobacco > Beverages > Coffee & Tea > Coffee"
16597,CoFeel 凱飛鮮烘豆衣索比亞耶加雪菲孔加G1淺烘焙咖啡豆半磅,CoFeel 凱飛鮮烘豆衣索比亞耶加雪菲孔加G1淺烘焙咖啡豆半磅。產地：衣索比亞、處理法：日曬處理法、烘焙度：淺焙、風味：蜂蜜、檸檬柑橘、奶油、楓糖、花香。CoFeel 凱飛鮮烘豆，SCA認證職人接單鮮烘，1克1元起秤重計價。,https://www.cofeel.com.tw/products/16597.html,https://thelife6.wztech.com.tw/Upload/ProductImage/2021032411405597.jpg,in stock,449 TWD,CoFeel 凱飛鮮烘豆,new,no,"Food, Beverages & Tobacco > Beverages > Coffee & Tea > Coffee"
16591,CoFeel 凱飛馬拉威酒香厭氧發酵日曬藝妓/瑰夏濾掛咖啡/耳掛咖啡包10gx8包,CoFeel 凱飛馬拉威酒香厭氧發酵日曬藝妓/瑰夏濾掛咖啡/耳掛咖啡包10gx8包。產地：馬拉威、烘焙度：淺中焙、風味：蘭姆酒香、桃子、青蘋果、柑橘、柚子、哈蜜瓜。CoFeel 凱飛鮮烘豆，SCA認證職人接單鮮烘，1克1元起秤重計價。,https://www.cofeel.com.tw/products/16591.html,https://thelife6.wztech.com.tw/Upload/ProductImage/2021041911005591.jpg,in stock,499 TWD,CoFeel 凱飛鮮烘豆,new,no,"Food, Beverages & Tobacco > Beverages > Coffee & Tea > Coffee"
16546,CoFeeL凱飛智能熱風咖啡烘豆機/商用烘豆機/自動咖啡烘豆機,CoFeeL凱飛智能熱風咖啡烘豆機/商用烘豆機/自動咖啡烘豆機。產地：中國。CoFeel 凱飛鮮烘豆，SCA認證職人接單鮮烘，1克1元起秤重計價。,https://www.cofeel.com.tw/products/16546.html,https://thelife6.wztech.com.tw/Upload/ProductImage/2021021711384824.jpg,in stock,688000 TWD,CoFeel 凱飛鮮烘豆,new,no,"Food, Beverages & Tobacco > Beverages > Coffee & Tea > Coffee"
16496,CoFeel 凱飛鮮烘豆特調黃金曼巴中深烘焙咖啡豆一磅,CoFeel 凱飛鮮烘豆特調黃金曼巴中深烘焙咖啡豆一磅。產地：印尼/巴西、處理法：濕剝處理法/日曬處理法、烘焙度：中深焙、風味：松木、焦糖奶油、可可、果仁、花生。CoFeel 凱飛鮮烘豆，SCA認證職人接單鮮烘，1克1元起秤重計價。,https://www.cofeel.com.tw/products/16496.html,https://thelife6.wztech.com.tw/Upload/ProductImage/2021012111370172.jpg,in stock,698 TWD,CoFeel 凱飛鮮烘豆,new,no,"Food, Beverages & Tobacco > Beverages > Coffee & Tea > Coffee"
16495,CoFeel 凱飛鮮烘豆衣索比亞古吉烏拉嘎水洗一級淺中烘焙咖啡豆一磅,CoFeel 凱飛鮮烘豆衣索比亞古吉烏拉嘎水洗一級淺中烘焙咖啡豆一磅。產地：衣索比亞、處理法：水洗處理法、烘焙度：淺中焙、風味：橙皮、蜜棗、榛果。CoFeel 凱飛鮮烘豆，SCA認證職人接單鮮烘，1克1元起秤重計價。,https://www.cofeel.com.tw/products/16495.html,https://thelife6.wztech.com.tw/Upload/ProductImage/2021012111274962.jpg,in stock,799 TWD,CoFeel 凱飛鮮烘豆,new,no,"Food, Beverages & Tobacco > Beverages > Coffee & Tea > Coffee"
16494,CoFeel 凱飛鮮烘豆衣索比亞古吉烏拉嘎水洗一級淺中烘焙咖啡豆半磅,CoFeel 凱飛鮮烘豆衣索比亞古吉烏拉嘎水洗一級淺中烘焙咖啡豆半磅。產地：衣索比亞、處理法：水洗處理法、烘焙度：淺中焙、風味：橙皮、蜜棗、榛果。CoFeel 凱飛鮮烘豆，SCA認證職人接單鮮烘，1克1元起秤重計價。,https://www.cofeel.com.tw/products/16494.html,https://thelife6.wztech.com.tw/Upload/ProductImage/2021012111233727.jpg,in stock,449 TWD,CoFeel 凱飛鮮烘豆,new,no,"Food, Beverages & Tobacco > Beverages > Coffee & Tea > Coffee"
16474,(生豆)E7HomeCafe一起烘咖啡 印尼迦佑曼特寧18目濕剝一級咖啡生豆500克,(生豆)E7HomeCafe一起烘咖啡 印尼迦佑曼特寧18目濕剝一級咖啡生豆500克。產地：印尼、處理法：濕剝處理法、風味：堅果、胡桃、牛奶巧克力。CoFeel 凱飛鮮烘豆，SCA認證職人接單鮮烘，1克1元起秤重計價。,https://www.cofeel.com.tw/products/16474.html,https://thelife6.wztech.com.tw/Upload/ProductImage/2021010709420143.jpg,in stock,550 TWD,CoFeel 凱飛鮮烘豆,new,no,"Food, Beverages & Tobacco > Beverages > Coffee & Tea > Coffee"
16459,CoFeel 凱飛鮮烘豆特調黃金曼巴中深烘焙咖啡豆半磅,CoFeel 凱飛鮮烘豆特調黃金曼巴中深烘焙咖啡豆半磅。產地：印尼/巴西、處理法：濕剝處理法/日曬處理法、烘焙度：中深焙、風味：松木、焦糖奶油、可可、果仁、花生。CoFeel 凱飛鮮烘豆，SCA認證職人接單鮮烘，1克1元起秤重計價。,https://www.cofeel.com.tw/products/16459.html,https://thelife6.wztech.com.tw/Upload/ProductImage/2021011110491936.jpg,in stock,390 TWD,CoFeel 凱飛鮮烘豆,new,no,"Food, Beverages & Tobacco > Beverages > Coffee & Tea > Coffee"
16448,CoFeel 凱飛鮮烘豆耶加雪菲+特調曼巴濾掛咖啡/耳掛咖啡包10g各10包,CoFeel 凱飛鮮烘豆耶加雪菲+特調曼巴濾掛咖啡/耳掛咖啡包10g各10包。產地：衣索比亞、烘焙度：淺焙、風味：松木、焦糖奶油、可可、果仁、花生。CoFeel 凱飛鮮烘豆，SCA認證職人接單鮮烘，1克1元起秤重計價。,https://www.cofeel.com.tw/products/16448.html,https://thelife6.wztech.com.tw/Upload/ProductImage/2020112711241095.jpg,in stock,439 TWD,CoFeel 凱飛鮮烘豆,new,no,"Food, Beverages & Tobacco > Beverages > Coffee & Tea > Coffee"
16444,(生豆)E7HomeCafe一起烘咖啡瓜地馬拉安地瓜花神水洗處理咖啡生豆500克,(生豆)E7HomeCafe一起烘咖啡瓜地馬拉安地瓜花神水洗處理咖啡生豆500克。產地：瓜地馬拉、處理法：水洗處理法、風味：香草香氣、烤焦糖香、白柚、龍眼乾、苦甜巧克力。CoFeel 凱飛鮮烘豆，SCA認證職人接單鮮烘，1克1元起秤重計價。,https://www.cofeel.com.tw/products/16444.html,https://thelife6.wztech.com.tw/Upload/ProductImage/2020111210232963.jpg,in stock,499 TWD,CoFeel 凱飛鮮烘豆,new,no,"Food, Beverages & Tobacco > Beverages > Coffee & Tea > Coffee"
16359,CoFeel 凱飛鮮烘豆特調阿拉比卡濾掛咖啡/耳掛咖啡包10gx20包,CoFeel 凱飛鮮烘豆特調阿拉比卡濾掛咖啡/耳掛咖啡包10gx20包。產地：巴西+非洲、烘焙度：中深焙、風味：核果、麥芽、紅茶。CoFeel 凱飛鮮烘豆，SCA認證職人接單鮮烘，1克1元起秤重計價。,https://www.cofeel.com.tw/products/16359.html,https://thelife6.wztech.com.tw/Upload/ProductImage/2020092814082240.jpg,in stock,399 TWD,CoFeel 凱飛鮮烘豆,new,no,"Food, Beverages & Tobacco > Beverages > Coffee & Tea > Coffee"
16308,CoFeel 凱飛鮮烘豆衣索比亞谷吉淺中烘焙咖啡豆一磅,CoFeel 凱飛鮮烘豆衣索比亞谷吉淺中烘焙咖啡豆一磅。產地：衣索比亞、處理法：日曬處理法、烘焙度：淺中焙、風味：杏桃、香瓜、藍莓、甜橙。CoFeel 凱飛鮮烘豆，SCA認證職人接單鮮烘，1克1元起秤重計價。,https://www.cofeel.com.tw/products/16308.html,https://thelife6.wztech.com.tw/Upload/ProductImage/2020091616533004.jpg,in stock,799 TWD,CoFeel 凱飛鮮烘豆,new,no,"Food, Beverages & Tobacco > Beverages > Coffee & Tea > Coffee"
16307,CoFeel 凱飛鮮烘豆衣索比亞谷吉淺中烘焙咖啡豆半磅,CoFeel 凱飛鮮烘豆衣索比亞谷吉淺中烘焙咖啡豆半磅。產地：衣索比亞、處理法：日曬處理法、烘焙度：淺中焙、風味：杏桃、香瓜、藍莓、甜橙。CoFeel 凱飛鮮烘豆，SCA認證職人接單鮮烘，1克1元起秤重計價。,https://www.cofeel.com.tw/products/16307.html,https://thelife6.wztech.com.tw/Upload/ProductImage/2020091616491115.jpg,in stock,449 TWD,CoFeel 凱飛鮮烘豆,new,no,"Food, Beverages & Tobacco > Beverages > Coffee & Tea > Coffee"
16021,CoFeel 凱飛鮮烘豆手提一磅凱飛極鮮豆耶加雪夫中烘焙+黃金曼特寧中深烘焙咖啡豆禮盒,CoFeel 凱飛鮮烘豆手提一磅凱飛極鮮豆耶加雪夫中烘焙+黃金曼特寧中深烘焙咖啡豆禮盒。產地：衣索比亞、處理法：日曬處理法、烘焙度：中深焙、風味：柑橘、橘子皮、陳皮、Body圓潤、甜感佳。CoFeel 凱飛鮮烘豆，SCA認證職人接單鮮烘，1克1元起秤重計價。,https://www.cofeel.com.tw/products/16021.html,https://thelife6.wztech.com.tw/Upload/ProductImage/2022090616052005.jpg,in stock,1149 TWD,CoFeel 凱飛鮮烘豆,new,no,"Food, Beverages & Tobacco > Beverages > Coffee & Tea > Coffee"
16020,CoFeel 凱飛鮮烘豆手提一磅凱飛極鮮豆衣索比亞耶加雪夫中烘焙咖啡豆禮盒,CoFeel 凱飛鮮烘豆手提一磅凱飛極鮮豆衣索比亞耶加雪夫中烘焙咖啡豆禮盒。產地：衣索比亞、處理法：日曬處理法、烘焙度：中焙、風味：柑橘、橘子皮、陳皮、Body圓潤、甜感佳。CoFeel 凱飛鮮烘豆，SCA認證職人接單鮮烘，1克1元起秤重計價。,https://www.cofeel.com.tw/products/16020.html,https://thelife6.wztech.com.tw/Upload/ProductImage/2022090616041201.jpg,in stock,1099 TWD,CoFeel 凱飛鮮烘豆,new,no,"Food, Beverages & Tobacco > Beverages > Coffee & Tea > Coffee"
16019,CoFeel 凱飛鮮烘豆手提一磅凱飛極鮮豆印尼黃金曼特寧中深烘焙咖啡豆禮盒,CoFeel 凱飛鮮烘豆手提一磅凱飛極鮮豆印尼黃金曼特寧中深烘焙咖啡豆禮盒。產地：印尼、處理法：濕剝處理法、烘焙度：中深焙、風味：松木、焦糖奶油、尾韻甘甜。CoFeel 凱飛鮮烘豆，SCA認證職人接單鮮烘，1克1元起秤重計價。,https://www.cofeel.com.tw/products/16019.html,https://thelife6.wztech.com.tw/Upload/ProductImage/2022090616025642.jpg,in stock,1199 TWD,CoFeel 凱飛鮮烘豆,new,no,"Food, Beverages & Tobacco > Beverages > Coffee & Tea > Coffee"
16018,CoFeel 凱飛鮮烘豆哥倫比亞印地安雪峰中深烘焙咖啡豆一磅,CoFeel 凱飛鮮烘豆哥倫比亞印地安雪峰中深烘焙咖啡豆一磅。產地：哥倫比亞、處理法：水洗處理法、烘焙度：中深焙、風味：葡萄柚、酸中帶微甜、紅糖、蜜桃。CoFeel 凱飛鮮烘豆，SCA認證職人接單鮮烘，1克1元起秤重計價。,https://www.cofeel.com.tw/products/16018.html,https://thelife6.wztech.com.tw/Upload/ProductImage/2020042817114328.jpg,in stock,699 TWD,CoFeel 凱飛鮮烘豆,new,no,"Food, Beverages & Tobacco > Beverages > Coffee & Tea > Coffee"
16017,CoFeel 凱飛鮮烘豆哥倫比亞印地安雪峰中深烘焙咖啡豆半磅,CoFeel 凱飛鮮烘豆哥倫比亞印地安雪峰中深烘焙咖啡豆半磅。產地：哥倫比亞、處理法：水洗處理法、烘焙度：中深焙、風味：葡萄柚、酸中帶微甜、紅糖、蜜桃。CoFeel 凱飛鮮烘豆，SCA認證職人接單鮮烘，1克1元起秤重計價。,https://www.cofeel.com.tw/products/16017.html,https://thelife6.wztech.com.tw/Upload/ProductImage/2020042816590389.jpg,in stock,399 TWD,CoFeel 凱飛鮮烘豆,new,no,"Food, Beverages & Tobacco > Beverages > Coffee & Tea > Coffee"
16000,CoFeel 凱飛鮮烘豆瓜地馬拉安地瓜花神中烘焙咖啡豆一磅,CoFeel 凱飛鮮烘豆瓜地馬拉安地瓜花神中烘焙咖啡豆一磅。產地：瓜地馬拉、處理法：水洗處理法、烘焙度：中焙、風味：香草香氣、烤焦糖香、白柚、龍眼乾、苦甜巧克力。CoFeel 凱飛鮮烘豆，SCA認證職人接單鮮烘，1克1元起秤重計價。,https://www.cofeel.com.tw/products/16000.html,https://thelife6.wztech.com.tw/Upload/ProductImage/2020032713445063.jpg,in stock,799 TWD,CoFeel 凱飛鮮烘豆,new,no,"Food, Beverages & Tobacco > Beverages > Coffee & Tea > Coffee"
15999,CoFeel 凱飛鮮烘豆瓜地馬拉安地瓜花神中烘焙咖啡豆半磅,CoFeel 凱飛鮮烘豆瓜地馬拉安地瓜花神中烘焙咖啡豆半磅。產地：瓜地馬拉、處理法：水洗處理法、烘焙度：中焙、風味：香草香氣、烤焦糖香、白柚、龍眼乾、苦甜巧克力。CoFeel 凱飛鮮烘豆，SCA認證職人接單鮮烘，1克1元起秤重計價。,https://www.cofeel.com.tw/products/15999.html,https://thelife6.wztech.com.tw/Upload/ProductImage/2020032713360316.jpg,in stock,449 TWD,CoFeel 凱飛鮮烘豆,new,no,"Food, Beverages & Tobacco > Beverages > Coffee & Tea > Coffee"
15998,CoFeel 凱飛鮮烘豆瓜地馬拉新東方酒香魅影淺烘焙咖啡豆一磅,CoFeel 凱飛鮮烘豆瓜地馬拉新東方酒香魅影淺烘焙咖啡豆一磅。產地：瓜地馬拉、處理法：酒香日曬處理法、烘焙度：淺焙、風味：柑橘、黑巧克力、李子、葡萄酒、鳳梨。CoFeel 凱飛鮮烘豆，SCA認證職人接單鮮烘，1克1元起秤重計價。,https://www.cofeel.com.tw/products/15998.html,https://thelife6.wztech.com.tw/Upload/ProductImage/2020032713221062.jpg,in stock,799 TWD,CoFeel 凱飛鮮烘豆,new,no,"Food, Beverages & Tobacco > Beverages > Coffee & Tea > Coffee"
15997,CoFeel 凱飛鮮烘豆瓜地馬拉新東方酒香魅影淺烘焙咖啡豆半磅,CoFeel 凱飛鮮烘豆瓜地馬拉新東方酒香魅影淺烘焙咖啡豆半磅。產地：瓜地馬拉、處理法：酒香日曬處理法、烘焙度：淺焙、風味：柑橘、黑巧克力、李子、葡萄酒、鳳梨。CoFeel 凱飛鮮烘豆，SCA認證職人接單鮮烘，1克1元起秤重計價。,https://www.cofeel.com.tw/products/15997.html,https://thelife6.wztech.com.tw/Upload/ProductImage/2020032713145637.jpg,in stock,449 TWD,CoFeel 凱飛鮮烘豆,new,no,"Food, Beverages & Tobacco > Beverages > Coffee & Tea > Coffee"
15986,CoFeel 凱飛鮮烘豆特調黃金曼巴濾掛咖啡/耳掛咖啡包10gx20包,CoFeel 凱飛鮮烘豆特調黃金曼巴濾掛咖啡/耳掛咖啡包10gx20包。產地：印尼、處理法：濕剝處理法、烘焙度：中深焙、風味：松木、焦糖奶油、可可、果仁、花生。CoFeel 凱飛鮮烘豆，SCA認證職人接單鮮烘，1克1元起秤重計價。,https://www.cofeel.com.tw/products/15986.html,https://thelife6.wztech.com.tw/Upload/ProductImage/2020032713091130.jpg,in stock,399 TWD,CoFeel 凱飛鮮烘豆,new,no,"Food, Beverages & Tobacco > Beverages > Coffee & Tea > Coffee"
15985,CoFeel 凱飛鮮烘豆特調黃金曼巴濾掛咖啡/耳掛咖啡包10gx10包,CoFeel 凱飛鮮烘豆特調黃金曼巴濾掛咖啡/耳掛咖啡包10gx10包。產地：印尼、處理法：濕剝處理法、烘焙度：中深焙、風味：松木、焦糖奶油、可可、果仁、花生。CoFeel 凱飛鮮烘豆，SCA認證職人接單鮮烘，1克1元起秤重計價。,https://www.cofeel.com.tw/products/15985.html,https://thelife6.wztech.com.tw/Upload/ProductImage/2020032713012557.jpg,in stock,249 TWD,CoFeel 凱飛鮮烘豆,new,no,"Food, Beverages & Tobacco > Beverages > Coffee & Tea > Coffee"
15983,CoFeel 凱飛鮮烘豆黃金曼特寧單品濾掛咖啡/耳掛咖啡包10gx20包,CoFeel 凱飛鮮烘豆黃金曼特寧單品濾掛咖啡/耳掛咖啡包10gx20包。產地：印尼、處理法：濕剝處理法、烘焙度：中深焙、風味：松木、焦糖奶油、尾韻甘甜。CoFeel 凱飛鮮烘豆，SCA認證職人接單鮮烘，1克1元起秤重計價。,https://www.cofeel.com.tw/products/15983.html,https://thelife6.wztech.com.tw/Upload/ProductImage/2020032618010607.jpg,in stock,499 TWD,CoFeel 凱飛鮮烘豆,new,no,"Food, Beverages & Tobacco > Beverages > Coffee & Tea > Coffee"
15982,CoFeel 凱飛鮮烘豆黃金曼特寧單品濾掛咖啡/耳掛咖啡包10gx10包,CoFeel 凱飛鮮烘豆黃金曼特寧單品濾掛咖啡/耳掛咖啡包10gx10包。產地：印尼、處理法：濕剝處理法、烘焙度：中深焙、風味：松木、焦糖奶油、尾韻甘甜。CoFeel 凱飛鮮烘豆，SCA認證職人接單鮮烘，1克1元起秤重計價。,https://www.cofeel.com.tw/products/15982.html,https://thelife6.wztech.com.tw/Upload/ProductImage/2020032617470094.jpg,in stock,309 TWD,CoFeel 凱飛鮮烘豆,new,no,"Food, Beverages & Tobacco > Beverages > Coffee & Tea > Coffee"
15980,CoFeel 凱飛鮮烘豆耶加雪夫單品濾掛咖啡/耳掛咖啡包10gx20包,CoFeel 凱飛鮮烘豆耶加雪夫單品濾掛咖啡/耳掛咖啡包10gx20包。產地：衣索比亞、處理法：日曬處理法、烘焙度：中焙、風味：柑橘、橘子皮、花香、甜度高。CoFeel 凱飛鮮烘豆，SCA認證職人接單鮮烘，1克1元起秤重計價。,https://www.cofeel.com.tw/products/15980.html,https://thelife6.wztech.com.tw/Upload/ProductImage/2020032617481572.jpg,in stock,469 TWD,CoFeel 凱飛鮮烘豆,new,no,"Food, Beverages & Tobacco > Beverages > Coffee & Tea > Coffee"
15979,CoFeel 凱飛鮮烘豆耶加雪夫單品濾掛咖啡/耳掛咖啡包10gx10包,CoFeel 凱飛鮮烘豆耶加雪夫單品濾掛咖啡/耳掛咖啡包10gx10包。產地：衣索比亞、處理法：日曬處理法、烘焙度：中焙、風味：柑橘、橘子皮、花香、甜度高。CoFeel 凱飛鮮烘豆，SCA認證職人接單鮮烘，1克1元起秤重計價。,https://www.cofeel.com.tw/products/15979.html,https://thelife6.wztech.com.tw/Upload/ProductImage/2020032616562072.jpg,in stock,289 TWD,CoFeel 凱飛鮮烘豆,new,no,"Food, Beverages & Tobacco > Beverages > Coffee & Tea > Coffee"
15747,CoFeel 凱飛濾掛咖啡袋50入/食品級濾紙(非濾掛咖啡),CoFeel 凱飛濾掛咖啡袋50入/食品級濾紙(非濾掛咖啡)。產地：日本。CoFeel 凱飛鮮烘豆，SCA認證職人接單鮮烘，1克1元起秤重計價。,https://www.cofeel.com.tw/products/15747.html,https://thelife6.wztech.com.tw/Upload/ProductImage/2020010714392832.jpg,in stock,279 TWD,CoFeel 凱飛鮮烘豆,new,no,"Food, Beverages & Tobacco > Beverages > Coffee & Tea > Coffee"
15477,CoFeel 凱飛鮮烘豆哥斯大黎加牧童莊園中烘焙咖啡豆一磅,CoFeel 凱飛鮮烘豆哥斯大黎加牧童莊園中烘焙咖啡豆一磅。產地：哥斯大黎加、處理法：水洗處理法、烘焙度：中焙、風味：炒杏仁、奶油玉米、棗與焦糖。CoFeel 凱飛鮮烘豆，SCA認證職人接單鮮烘，1克1元起秤重計價。,https://www.cofeel.com.tw/products/15477.html,https://thelife6.wztech.com.tw/Upload/ProductImage/2019090913363698.jpg,in stock,649 TWD,CoFeel 凱飛鮮烘豆,new,no,"Food, Beverages & Tobacco > Beverages > Coffee & Tea > Coffee"
15476,CoFeel 凱飛鮮烘豆哥斯大黎加牧童莊園中烘焙咖啡豆半磅,CoFeel 凱飛鮮烘豆哥斯大黎加牧童莊園中烘焙咖啡豆半磅。產地：哥斯大黎加、處理法：水洗處理法、烘焙度：中焙、風味：炒杏仁、奶油玉米、棗與焦糖。CoFeel 凱飛鮮烘豆，SCA認證職人接單鮮烘，1克1元起秤重計價。,https://www.cofeel.com.tw/products/15476.html,https://thelife6.wztech.com.tw/Upload/ProductImage/2019090913330549.jpg,in stock,369 TWD,CoFeel 凱飛鮮烘豆,new,no,"Food, Beverages & Tobacco > Beverages > Coffee & Tea > Coffee"
15475,CoFeel 凱飛鮮烘豆印尼蘇門答臘黃金曼特寧中深烘焙咖啡豆一磅,CoFeel 凱飛鮮烘豆印尼蘇門答臘黃金曼特寧中深烘焙咖啡豆一磅。產地：印尼、處理法：濕剝處理法、烘焙度：中深焙、風味：松木、焦糖奶油、尾韻甘甜。CoFeel 凱飛鮮烘豆，SCA認證職人接單鮮烘，1克1元起秤重計價。,https://www.cofeel.com.tw/products/15475.html,https://thelife6.wztech.com.tw/Upload/ProductImage/2019090913292100.jpg,in stock,899 TWD,CoFeel 凱飛鮮烘豆,new,no,"Food, Beverages & Tobacco > Beverages > Coffee & Tea > Coffee"
15474,CoFeel 凱飛鮮烘豆印尼蘇門答臘黃金曼特寧中深烘焙咖啡豆半磅,CoFeel 凱飛鮮烘豆印尼蘇門答臘黃金曼特寧中深烘焙咖啡豆半磅。產地：印尼、處理法：濕剝處理法、烘焙度：中深焙、風味：松木、焦糖奶油、尾韻甘甜。CoFeel 凱飛鮮烘豆，SCA認證職人接單鮮烘，1克1元起秤重計價。,https://www.cofeel.com.tw/products/15474.html,https://thelife6.wztech.com.tw/Upload/ProductImage/2019090913250930.jpg,in stock,499 TWD,CoFeel 凱飛鮮烘豆,new,no,"Food, Beverages & Tobacco > Beverages > Coffee & Tea > Coffee"
15473,CoFeel 凱飛鮮烘豆哥斯大黎加征服者中深烘焙咖啡豆一磅,CoFeel 凱飛鮮烘豆哥斯大黎加征服者中深烘焙咖啡豆一磅。產地：哥斯大黎加、處理法：水洗處理法、烘焙度：中深焙、風味：濃郁的黑巧克力風味、豐富的油脂、奶油觸感。CoFeel 凱飛鮮烘豆，SCA認證職人接單鮮烘，1克1元起秤重計價。,https://www.cofeel.com.tw/products/15473.html,https://thelife6.wztech.com.tw/Upload/ProductImage/2019090913203411.jpg,in stock,799 TWD,CoFeel 凱飛鮮烘豆,new,no,"Food, Beverages & Tobacco > Beverages > Coffee & Tea > Coffee"
15472,CoFeel 凱飛鮮烘豆哥斯大黎加征服者中深烘焙咖啡豆半磅,CoFeel 凱飛鮮烘豆哥斯大黎加征服者中深烘焙咖啡豆半磅。產地：哥斯大黎加、處理法：水洗處理法、烘焙度：中深焙、風味：濃郁的黑巧克力風味、豐富的油脂、奶油觸感。CoFeel 凱飛鮮烘豆，SCA認證職人接單鮮烘，1克1元起秤重計價。,https://www.cofeel.com.tw/products/15472.html,https://thelife6.wztech.com.tw/Upload/ProductImage/2019090913163198.jpg,in stock,499 TWD,CoFeel 凱飛鮮烘豆,new,no,"Food, Beverages & Tobacco > Beverages > Coffee & Tea > Coffee"
15469,CoFeel 凱飛鮮烘豆衣索比亞耶加雪夫中烘焙咖啡豆一磅,CoFeel 凱飛鮮烘豆衣索比亞耶加雪夫中烘焙咖啡豆一磅。產地：衣索比亞、處理法：日曬處理法、烘焙度：中焙、風味：柑橘、橘子皮、陳皮、Body圓潤、甜感佳。CoFeel 凱飛鮮烘豆，SCA認證職人接單鮮烘，1克1元起秤重計價。,https://www.cofeel.com.tw/products/15469.html,https://thelife6.wztech.com.tw/Upload/ProductImage/2019090911563977.jpg,in stock,849 TWD,CoFeel 凱飛鮮烘豆,new,no,"Food, Beverages & Tobacco > Beverages > Coffee & Tea > Coffee"
15468,CoFeel 凱飛鮮烘豆衣索比亞耶加雪夫中烘焙咖啡豆半磅,CoFeel 凱飛鮮烘豆衣索比亞耶加雪夫中烘焙咖啡豆半磅。產地：衣索比亞、處理法：日曬處理法、烘焙度：中焙、風味：柑橘、橘子皮、陳皮、Body圓潤、甜感佳。CoFeel 凱飛鮮烘豆，SCA認證職人接單鮮烘，1克1元起秤重計價。,https://www.cofeel.com.tw/products/15468.html,https://thelife6.wztech.com.tw/Upload/ProductImage/2019090911515018.jpg,in stock,449 TWD,CoFeel 凱飛鮮烘豆,new,no,"Food, Beverages & Tobacco > Beverages > Coffee & Tea > Coffee"
15467,CoFeel 凱飛鮮烘豆衣索比亞耶加雪夫淺烘焙咖啡豆一磅,CoFeel 凱飛鮮烘豆衣索比亞耶加雪夫淺烘焙咖啡豆一磅。產地：衣索比亞、處理法：水洗處理法、烘焙度：淺焙、風味：柑橘、橘子皮、花香、甜度高。CoFeel 凱飛鮮烘豆，SCA認證職人接單鮮烘，1克1元起秤重計價。,https://www.cofeel.com.tw/products/15467.html,https://thelife6.wztech.com.tw/Upload/ProductImage/2019090911453418.jpg,in stock,849 TWD,CoFeel 凱飛鮮烘豆,new,no,"Food, Beverages & Tobacco > Beverages > Coffee & Tea > Coffee"
15466,CoFeel 凱飛鮮烘豆衣索比亞耶加雪夫淺烘焙咖啡豆半磅,CoFeel 凱飛鮮烘豆衣索比亞耶加雪夫淺烘焙咖啡豆半磅。產地：衣索比亞、處理法：水洗處理法、烘焙度：淺焙、風味：柑橘、橘子皮、花香、甜度高。CoFeel 凱飛鮮烘豆，SCA認證職人接單鮮烘，1克1元起秤重計價。,https://www.cofeel.com.tw/products/15466.html,https://thelife6.wztech.com.tw/Upload/ProductImage/2019090910503312.jpg,in stock,449 TWD,CoFeel 凱飛鮮烘豆,new,no,"Food, Beverages & Tobacco > Beverages > Coffee & Tea > Coffee"
